z/h,x/D,Run,Avg_u/Umax,rms_u/k^0.5,rms_w/k^0.5,rss/rssmax,k/kmax
0.01,2,1,-0.144148886,1.669605688,0.622217856,0.032635207,0.33068881
0.016666667,2,1,-0.165778509,1.610162027,0.69473688,0.029108206,0.347735468
0.023333333,2,1,-0.162790128,1.50773426,0.648639239,0.024356136,0.307743245
0.03,2,1,-0.13032782,1.573639135,0.785557989,0.059087179,0.349374799
0.04,2,1,-0.125033132,1.611866703,0.666132342,0.115286587,0.337856994
0.05,2,1,-0.080318458,1.604381715,0.803584471,0.09393426,0.374623658
0.066666667,2,1,-0.073621296,1.840204448,0.924930161,0.168638251,0.50877462
0.083333333,2,1,0.012496193,1.963552023,1.139554987,0.298891682,0.607911064
0.1,2,1,0.039220898,2.090841615,1.211072432,0.490708403,0.651188425
0.116666667,2,1,0.0844852,2.142669434,1.301012399,0.469109642,0.73548113
0.133333333,2,1,0.169133182,2.568355397,1.512098423,0.787968997,0.91119707
0.15,2,1,0.267889789,2.575342664,1.465500619,0.816381242,0.984408083
0.166666667,2,1,0.353299811,2.819914884,1.567810234,1,1
0.2,2,1,0.581814892,2.766997594,1.455327939,0.918721267,0.943684584
0.233333333,2,1,0.762005693,2.054948669,1.112544631,0.381927178,0.548878552
0.266666667,2,1,0.811214946,1.831871292,0.99608005,0.197660541,0.382085474
0.3,2,1,0.845198733,1.453738045,0.873304021,0.158926358,0.248977855
0.333333333,2,1,0.871685149,1.310666517,0.825046024,0.132615554,0.180412316
0.366666667,2,1,0.885919183,1.211113319,0.727630626,0.11706569,0.150612533
0.433333333,2,1,0.910621474,1.101979942,0.673615514,0.122131939,0.113069125
0.5,2,1,0.93237454,1.063567662,0.649221181,0.079422777,0.085497924
0.566666667,2,1,0.976226499,1.147705813,0.653006773,0.056566193,0.075363025
0.633333333,2,1,0.992620929,1.159953185,0.635622751,0.063588916,0.071954498
0.7,2,1,0.984832635,0.916385118,0.491467374,0.0265798,0.045986699
0.766666667,2,1,1,0.88387311,0.469832824,0.019900091,0.03979892
0.816666667,2,1,0.999889169,0.865903849,0.455225496,0.015383393,0.035632818
0.01,3,1,-0.206085655,1.800809835,0.87391562,0.217144171,0.47251886
0.016666667,3,1,-0.170865317,1.964496696,0.968470694,0.247636419,0.545565018
0.023333333,3,1,-0.147511452,1.920979948,1.015543604,0.283263672,0.567990012
0.03,3,1,-0.173418007,1.902749158,1.013011951,0.258989257,0.552030779
0.04,3,1,-0.085792366,2.143492124,1.171176846,0.412371361,0.696498915
0.05,3,1,-0.055263565,1.892472047,1.106108468,0.342944772,0.628241343
0.066666667,3,1,0.003651136,2.242433201,1.256739402,0.451997013,0.782881857
0.083333333,3,1,0.046477494,2.265072271,1.23614097,0.454311637,0.773505301
0.1,3,1,0.098545855,2.40678776,1.379077565,0.608399104,0.896621448
0.116666667,3,1,0.179790274,2.267990451,1.441769232,0.479962432,0.856487186
0.133333333,3,1,0.24980331,2.554793811,1.616461338,0.631473788,0.946172065
0.15,3,1,0.300709975,2.626011334,1.694894874,0.912870884,0.996346105
0.166666667,3,1,0.404975247,2.635144988,1.70628967,1,1
0.2,3,1,0.583326772,2.631916881,1.510308233,0.725555926,0.916635267
0.233333333,3,1,0.727032741,2.195658235,1.349094563,0.514681403,0.636291215
0.266666667,3,1,0.818046479,1.92732518,1.306341775,0.365130091,0.494752376
0.3,3,1,0.848246486,1.53490892,0.967653232,0.131909505,0.272048708
0.333333333,3,1,0.860748208,1.425564796,0.867218371,0.120757651,0.226079557
0.366666667,3,1,0.889714263,1.26768597,0.747836509,0.090071545,0.160656772
0.433333333,3,1,0.910237674,1.151374398,0.684293304,0.090090496,0.121152847
0.5,3,1,0.932384267,1.105730943,0.663905448,0.07033061,0.091674065
0.566666667,3,1,0.951407121,1.065271276,0.613939099,0.044765384,0.069952574
0.633333333,3,1,0.949445014,1.158153093,0.633801465,0.048325326,0.081574567
0.7,3,1,0.982385963,0.927552754,0.513492415,0.025642687,0.048803812
0.766666667,3,1,0.996792815,0.772009217,0.430569837,0.011376503,0.035228749
0.816666667,3,1,1,0.751667879,0.422129245,0.007300879,0.031339448
0.01,4,1,-0.156030032,2.014316965,1.067526357,0.286765443,0.606964691
0.016666667,4,1,-0.163867671,2.134032467,1.072892553,0.309308767,0.667914038
0.023333333,4,1,-0.153048646,2.057754457,1.192460954,0.323110852,0.702227088
0.03,4,1,-0.093282465,2.239174211,1.304049314,0.417953792,0.768907187
0.04,4,1,-0.070596732,2.365464142,1.306194236,0.553373641,0.830740034
0.05,4,1,-0.062463531,2.312525977,1.33113537,0.544698962,0.877275029
0.066666667,4,1,0.03171842,2.354988393,1.433103378,0.647966497,0.893852215
0.083333333,4,1,0.056929823,2.660965801,1.549814616,0.826092876,0.965815173
0.1,4,1,0.146124487,2.7328579,1.601401003,0.799168423,0.989944266
0.116666667,4,1,0.195726353,2.718959461,1.637684125,1,1
0.133333333,4,1,0.256301854,2.719189143,1.718659193,0.885437874,0.971979308
0.15,4,1,0.360082378,2.677974526,1.737562384,0.898435584,0.971494015
0.166666667,4,1,0.40356905,2.663369235,1.714900328,0.913680678,0.954115907
0.2,4,1,0.553865215,2.732427605,1.557420069,0.740150076,0.89193733
0.233333333,4,1,0.696814938,2.1978048,1.29361642,0.39610943,0.580731331
0.266666667,4,1,0.77965727,1.962363645,1.169915705,0.314987362,0.424242165
0.3,4,1,0.82349614,1.68545876,1.043627493,0.155435258,0.280723992
0.333333333,4,1,0.867077833,1.454983873,0.888032797,0.098934068,0.206942611
0.366666667,4,1,0.882626063,1.302814275,0.786359002,0.0870385,0.15957513
0.433333333,4,1,0.914246931,1.109196037,0.669305295,0.05905384,0.104472421
0.5,4,1,0.935144995,1.077631991,0.624533936,0.04974209,0.078527312
0.566666667,4,1,0.966915376,1.00671545,0.571175218,0.035367156,0.056959895
0.633333333,4,1,0.945641275,1.030764606,0.556923526,0.029110376,0.065784242
0.7,4,1,0.985952649,0.790501997,0.433314653,0.009605909,0.036919107
0.766666667,4,1,0.99505608,0.76823887,0.415757944,0.00919072,0.030776827
0.816666667,4,1,1,0.779214054,0.396527429,0.007767685,0.028751844
0.01,6,1,-0.040596922,2.058532345,1.263305559,0.389869698,0.660595993
0.016666667,6,1,-0.039728712,1.9005915,1.225286894,0.31954595,0.622242159
0.023333333,6,1,-0.02107888,2.06714964,1.389054809,0.435196206,0.726169623
0.03,6,1,-0.008175599,2.181729571,1.300507228,0.451876142,0.75746739
0.04,6,1,0.000603775,2.276750535,1.417680647,0.634280561,0.818992389
0.05,6,1,0.067390679,2.239938185,1.455952349,0.543596798,0.842129995
0.066666667,6,1,0.099978804,2.354245567,1.551383452,0.707451576,0.907960362
0.083333333,6,1,0.144670899,2.633160377,1.682350985,1,0.983081732
0.1,6,1,0.197375116,2.563573927,1.679786442,0.756975507,0.964854698
0.116666667,6,1,0.26363153,2.616339113,1.701139032,0.990119034,1
0.133333333,6,1,0.331114078,2.787509741,1.687081483,0.864597995,0.966979897
0.15,6,1,0.390927481,2.741029261,1.655404758,0.9135148,0.929793336
0.166666667,6,1,0.469111109,2.569765139,1.59034254,0.725167003,0.858855204
0.2,6,1,0.563176278,2.559657376,1.531838996,0.588089222,0.784255589
0.233333333,6,1,0.646707305,2.201863261,1.34970325,0.366630421,0.57282199
0.266666667,6,1,0.711161437,1.861641367,1.124534613,0.231267624,0.38053814
0.3,6,1,0.778543897,1.584776848,0.987955895,0.141325818,0.255674449
0.333333333,6,1,0.815075141,1.440887447,0.917111539,0.102016952,0.190069996
0.366666667,6,1,0.847875111,1.284940252,0.799441524,0.052362336,0.146126129
0.433333333,6,1,0.872963833,1.246505025,0.727115611,0.067686077,0.122155569
0.5,6,1,0.918568194,1.195094147,0.66733291,0.040685517,0.088873219
0.566666667,6,1,0.9381708,1.155375508,0.636239785,0.028851152,0.069436583
0.633333333,6,1,0.990574564,1.175884217,0.627800605,0.009502228,0.067259702
0.7,6,1,0.980539998,0.939778246,0.480692499,0.008263877,0.044875839
0.766666667,6,1,0.992386901,0.841637204,0.432867146,0.001379638,0.034675954
0.816666667,6,1,1,0.829306107,0.419592967,0.005374744,0.029966229
0.01,8,1,0.095204026,1.998450059,1.218149045,0.340587608,0.75656103
0.016666667,8,1,0.117879873,2.12489161,1.344683885,0.450022526,0.799438721
0.023333333,8,1,0.126343814,2.054286447,1.378731226,0.478725673,0.802202862
0.03,8,1,0.11127944,2.037082036,1.292081619,0.363397597,0.778141546
0.04,8,1,0.164064888,2.083261298,1.412083959,0.596095231,0.788211898
0.05,8,1,0.172443276,2.209446096,1.431932593,0.594025989,0.883344209
0.066666667,8,1,0.209037992,2.299478478,1.514257266,0.854398515,1
0.083333333,8,1,0.254364013,2.370125643,1.54223548,0.773427364,0.965026041
0.1,8,1,0.29247033,2.523382428,1.654514081,1,0.980905431
0.116666667,8,1,0.328198204,2.451170204,1.584119612,0.891183973,0.964334481
0.133333333,8,1,0.380462159,2.658755656,1.638531448,0.943339175,0.942989457
0.15,8,1,0.405545118,2.543884834,1.627339647,0.9204891,0.919848314
0.166666667,8,1,0.47684152,2.448303854,1.474966984,0.685218035,0.88009196
0.2,8,1,0.527325551,2.543402893,1.557161946,0.646247613,0.836027705
0.233333333,8,1,0.634545126,2.090024189,1.255523953,0.322457584,0.557269528
0.266666667,8,1,0.679824922,1.924601333,1.22990753,0.383753996,0.450713233
0.3,8,1,0.741752564,1.758962466,1.032517169,0.249646338,0.314565235
0.333333333,8,1,0.764530887,1.628867928,0.930274222,0.162710103,0.243025305
0.366666667,8,1,0.792414917,1.383323966,0.818072573,0.101754051,0.173780847
0.433333333,8,1,0.849598487,1.192553891,0.71371277,0.073557996,0.124575567
0.5,8,1,0.889592981,1.179110029,0.688487873,0.039250303,0.096698644
0.566666667,8,1,0.940365027,1.15478271,0.655852499,0.023299968,0.077223848
0.633333333,8,1,1,1.313122987,0.657982806,0.029384028,0.063794
0.7,8,1,0.989927532,1.004987572,0.497251271,0.010221971,0.068210952
0.766666667,8,1,0.999137248,0.918924807,0.464401683,0.005616327,0.042024826
0.816666667,8,1,0.993185738,0.896998924,0.430393567,0.002055082,0.037085952
0.01,10,1,0.239507964,1.824848256,1.009817007,0.307848469,0.741935648
0.016666667,10,1,0.22559543,1.921674028,1.110798286,0.380314278,0.731899008
0.023333333,10,1,0.254315617,1.883805371,1.209418503,0.451947637,0.78699283
0.03,10,1,0.235885735,2.002585688,1.259002697,0.554952488,0.838805129
0.04,10,1,0.28620081,1.949748672,1.233729102,0.51566635,0.803453555
0.05,10,1,0.25187831,1.926483234,1.356962416,0.751642898,0.818970694
0.066666667,10,1,0.289115746,1.993196364,1.370337289,0.718796962,0.865889259
0.083333333,10,1,0.319532352,2.13411917,1.401201023,0.930353153,0.87198445
0.1,10,1,0.338576648,2.298625877,1.444304757,0.939058868,0.954204796
0.116666667,10,1,0.401068361,2.22124392,1.396552427,0.965149517,0.872014435
0.133333333,10,1,0.423952344,2.326463969,1.48441808,1,0.883733004
0.15,10,1,0.457951439,2.369689107,1.518558386,0.924032399,1
0.166666667,10,1,0.480377678,2.280709763,1.444297176,0.861648978,0.911649734
0.2,10,1,0.56943096,2.412313625,1.42634879,0.976592951,0.811258387
0.233333333,10,1,0.612643602,2.177427967,1.253066395,0.598023783,0.659170299
0.266666667,10,1,0.679888502,2.06155035,1.147470943,0.470876613,0.547933666
0.3,10,1,0.69245085,2.065988314,1.182237043,0.456634583,0.488057567
0.333333333,10,1,0.76654821,1.863266154,1.094501565,0.352013655,0.350167743
0.366666667,10,1,0.802643048,1.357044552,0.818737692,0.138366351,0.206592649
0.433333333,10,1,0.85683442,1.280575979,0.729915374,0.121492831,0.154943226
0.5,10,1,0.893312514,1.234042045,0.668904878,0.045875969,0.114980858
0.566666667,10,1,0.923081251,1.237359656,0.643976532,0.045020247,0.094001308
0.633333333,10,1,0.943055554,1.524102177,0.636190404,0.026194258,0.086308679
0.7,10,1,0.972557235,1.118724447,0.550889907,0.003741662,0.069830319
0.766666667,10,1,0.993584858,0.965563378,0.465936707,-0.001649408,0.050413166
0.816666667,10,1,1,0.95454669,0.44088587,0.000988893,0.045917429
0.01,12,1,0.322449602,1.749254409,0.958653239,0.294993444,0.744876579
0.016666667,12,1,0.325082046,1.799151275,0.967643036,0.311389413,0.756708979
0.023333333,12,1,0.335723283,1.779345306,0.983382677,0.393982574,0.746949008
0.03,12,1,0.339088621,1.812400537,1.095481146,0.320533964,0.810418329
0.04,12,1,0.338811681,1.850037969,1.143051921,0.55805893,0.833147032
0.05,12,1,0.339620124,1.704929084,1.109908673,0.377022753,0.777929106
0.066666667,12,1,0.385820989,1.932223687,1.190598946,0.54490257,0.895892168
0.083333333,12,1,0.395309934,2.018442234,1.292279217,0.727546173,0.905482023
0.1,12,1,0.420241256,2.058353403,1.311755261,0.811164327,0.884103079
0.116666667,12,1,0.448042336,1.96270983,1.284763285,0.781876468,0.889842687
0.133333333,12,1,0.452630428,2.217425539,1.432773804,0.952249732,0.945077412
0.15,12,1,0.485494695,2.326281425,1.352914801,0.930946582,1
0.166666667,12,1,0.514755319,2.270166381,1.419414781,1,0.943787974
0.2,12,1,0.573678781,2.322327289,1.350649671,0.845892075,0.866412439
0.233333333,12,1,0.629444973,2.173480403,1.284218166,0.76577605,0.77599898
0.266666667,12,1,0.694042171,1.964682239,1.121715485,0.496182733,0.6088198
0.3,12,1,0.72185735,1.862586763,1.12403502,0.44563294,0.492382631
0.333333333,12,1,0.776949417,1.835155716,1.066420595,0.338718186,0.416903923
0.366666667,12,1,0.810304931,1.469637726,0.889398589,0.198297827,0.283578809
0.433333333,12,1,0.865637894,1.193840012,0.71154348,0.103041723,0.163733691
0.5,12,1,0.912105735,1.141706921,0.662122878,0.07781963,0.119218798
0.566666667,12,1,0.943054177,1.013001674,0.606758959,0.032193579,0.081645866
0.633333333,12,1,0.947113727,1.075227372,0.567451545,0.023939805,0.085086525
0.7,12,1,0.983756314,0.896844082,0.460508037,0.011550591,0.056459652
0.766666667,12,1,0.996833332,0.840425699,0.408223542,0.005308966,0.044443321
0.816666667,12,1,1,0.84162664,0.385534884,0.005859683,0.040726955
0.01,2,2,-0.129433798,1.451197315,0.483840962,-0.00512801,0.315066279
0.016666667,2,2,-0.121457272,1.360283735,0.501730548,0.002507932,0.278068552
0.023333333,2,2,-0.125734807,1.376574551,0.559353501,0.006773936,0.315260132
0.03,2,2,-0.09698372,1.396306447,0.607048629,0.099434621,0.324862123
0.04,2,2,-0.11649606,1.33905335,0.562383288,0.007043862,0.322339643
0.05,2,2,-0.057183328,1.515619177,0.670524176,0.126156327,0.347640026
0.066666667,2,2,-0.029864133,1.682028092,0.824013501,0.212389119,0.380063227
0.083333333,2,2,-0.003098466,1.590561777,0.818833088,0.263517275,0.433031704
0.1,2,2,0.013814356,1.642938513,0.815786024,0.181575691,0.46152629
0.116666667,2,2,0.125520183,2.039953741,1.05197376,0.498883685,0.666689929
0.133333333,2,2,0.14888811,2.177107965,1.1254591,0.585098977,0.767914864
0.15,2,2,0.267575531,2.4113231,1.256341234,0.924815198,0.895641143
0.166666667,2,2,0.358615629,2.537136112,1.220008583,1,1
0.2,2,2,0.600227526,2.424110878,1.114534698,0.860147313,0.84409502
0.233333333,2,2,0.767731468,1.493764252,0.856273164,0.254597479,0.39625641
0.266666667,2,2,0.816362552,1.170566672,0.72565477,0.140545278,0.232035658
0.3,2,2,0.828905004,0.203614027,0.119156886,0.123254432,0.189266437
0.333333333,2,2,0.846029744,1.010184794,0.595912275,0.10651079,0.143984229
0.366666667,2,2,0.870065764,1.006032407,0.608309132,0.138830903,0.135235357
0.433333333,2,2,0.897689587,0.830989881,0.519576517,0.091613092,0.095045096
0.5,2,2,0.909130372,0.945474277,0.576731637,0.095023318,0.084244621
0.566666667,2,2,0.986234627,1.251773679,0.664282893,-0.056314674,0.100853056
0.633333333,2,2,0.952591185,0.388366538,0.225724181,0.051753951,0.075387519
0.7,2,2,0.970677049,1.007159469,0.547151369,0.033430567,0.044533342
0.766666667,2,2,0.985511114,0.925826375,0.501013215,0.024906058,0.035531434
0.816666667,2,2,1,0.898003519,0.483551663,0.015712203,0.032885479
0.01,3,2,-0.142764785,1.606228097,0.721002324,0.183468993,0.470984796
0.016666667,3,2,-0.128878486,1.670890808,0.855159301,0.300606597,0.504804937
0.023333333,3,2,-0.094129517,1.683720259,0.753540147,0.302906096,0.580140456
0.03,3,2,-0.087421172,1.772427007,0.887146245,0.335248469,0.577663274
0.04,3,2,-0.078556114,1.805003262,0.917020933,0.463552441,0.614748808
0.05,3,2,-0.043044658,2.013036534,1.02341576,0.52661484,0.654369384
0.066666667,3,2,0.005518658,2.273620046,1.090376626,0.598623881,0.686823243
0.083333333,3,2,0.051201159,1.925113142,1.038007986,0.638713234,0.716391479
0.1,3,2,0.094920802,2.229626543,1.155127597,0.93317503,0.825684168
0.116666667,3,2,0.178656891,2.232792117,1.219710955,0.841956443,0.796991247
0.133333333,3,2,0.278644279,2.221142364,1.247385516,0.834227613,0.840565292
0.15,3,2,0.332321955,2.439056773,1.36084154,1,1
0.166666667,3,2,0.422727392,2.270297784,1.264649132,0.958691098,0.92855341
0.2,3,2,0.589585086,2.267697637,1.195654023,0.854329359,0.816525881
0.233333333,3,2,0.733824618,1.770662648,0.935368785,0.393193677,0.515655574
0.266666667,3,2,0.798235513,1.477021674,0.799241626,0.227376922,0.343280898
0.3,3,2,0.827119198,0.215048579,0.125866183,0.133754669,0.217743027
0.333333333,3,2,0.851786154,1.132154359,0.630571713,0.12207773,0.183208022
0.366666667,3,2,0.86941437,0.993167012,0.595333549,0.116301129,0.197383705
0.433333333,3,2,0.89360339,0.883009851,0.514161074,0.108155144,0.145513459
0.5,3,2,0.914766458,0.908468917,0.543094972,0.084577788,0.084933001
0.566666667,3,2,0.935609373,0.873097521,0.52103011,0.06111056,0.066573214
0.633333333,3,2,0.99794855,0.43748533,0.223816149,0.074413137,0.092388142
0.7,3,2,0.973885707,1.033210523,0.563550726,0.039161525,0.051089597
0.766666667,3,2,0.989904114,0.911856334,0.498726859,0.027258893,0.036499195
0.816666667,3,2,1,0.853864987,0.459058539,0.015500432,0.030791724
0.01,4,2,-0.135328513,1.926492562,0.853762231,0.291312069,0.710381304
0.016666667,4,2,-0.093784364,2.011996901,0.937214926,0.27846685,0.781357399
0.023333333,4,2,-0.110275345,1.852292409,0.986345664,0.444460149,0.794987282
0.03,4,2,-0.09965683,1.904844407,1.008942059,0.44489918,0.738120279
0.04,4,2,-0.051149762,1.98383802,1.107335369,0.591485874,0.84047414
0.05,4,2,-0.014027829,2.019180426,1.198966514,0.609247964,0.773091897
0.066666667,4,2,0.024732889,2.154380177,1.313733231,0.601122234,0.834187636
0.083333333,4,2,0.070575737,2.064892504,1.217077491,0.783089705,0.824033514
0.1,4,2,0.182999386,2.119656077,1.28000388,0.761906557,0.834418038
0.116666667,4,2,0.190719093,2.414904147,1.48661386,1,0.961710004
0.133333333,4,2,0.284469841,2.132876079,1.358938382,0.748241078,0.83835254
0.15,4,2,0.363440338,2.347016151,1.452532129,0.813563028,1
0.166666667,4,2,0.413640745,2.264398117,1.319985159,0.718523201,0.913485807
0.2,4,2,0.578635743,2.117063397,1.199365174,0.560772935,0.755534617
0.233333333,4,2,0.690073635,1.76827245,1.011804667,0.396034697,0.524161407
0.266666667,4,2,0.7752192,1.433263732,0.884987535,0.227225781,0.344452514
0.3,4,2,0.831509793,0.2069734,0.141042244,0.129535507,0.217989433
0.333333333,4,2,0.845503479,1.083883697,0.639935776,0.094728871,0.263527013
0.366666667,4,2,0.863106414,0.976498445,0.580356092,0.082865518,0.226227725
0.433333333,4,2,0.892317418,0.834787945,0.498729001,0.068569851,0.128787115
0.5,4,2,0.924370107,0.845365569,0.502157696,0.049236854,0.083824734
0.566666667,4,2,0.941994702,0.829182038,0.486757934,0.043669304,0.062678582
0.633333333,4,2,0.947443333,0.353141803,0.189070841,0.023944175,0.067256825
0.7,4,2,0.97984472,0.876444219,0.473004559,0.018242888,0.040481841
0.766666667,4,2,0.991605615,0.802272867,0.45732471,0.011345033,0.032113503
0.816666667,4,2,1,0.827415616,0.44307695,0.010162169,0.030650655
0.01,6,2,0.001016787,1.874503113,1.05619967,0.42568812,0.60781602
0.016666667,6,2,0.016622462,1.95844717,1.159362846,0.44646407,0.649257472
0.023333333,6,2,-0.001626883,1.892407647,1.120614136,0.545758128,0.653720809
0.03,6,2,0.04206549,2.031265739,1.191226888,0.693081947,0.719816883
0.04,6,2,0.088594988,2.082023275,1.219056725,0.761152349,0.739843226
0.05,6,2,0.090149872,2.237422904,1.397173686,0.782948759,0.800778281
0.066666667,6,2,0.132331467,2.401048035,1.593393316,0.961336507,1
0.083333333,6,2,0.182368483,2.305363284,1.322028511,0.92668652,0.824351224
0.1,6,2,0.240621643,2.301958024,1.353655402,0.821820663,0.795483677
0.116666667,6,2,0.321786266,2.249629208,1.335389234,0.763877521,0.666746573
0.133333333,6,2,0.363003329,2.466559708,1.498451184,1,0.81657769
0.15,6,2,0.413436527,2.276862008,1.449957076,0.864048637,0.720057639
0.166666667,6,2,0.444888015,2.220580209,1.360126893,0.780068611,0.673950447
0.2,6,2,0.589431808,1.958519129,1.184259352,0.525906708,0.496366711
0.233333333,6,2,0.657821667,1.82926362,1.028025733,0.408939805,0.403420678
0.266666667,6,2,0.70774108,1.567964755,0.950410213,0.305126576,0.295809231
0.3,6,2,0.769706468,0.227653215,0.134407235,0.128447867,0.182371869
0.333333333,6,2,0.786378396,1.213770235,0.690395749,0.108522722,0.153320874
0.366666667,6,2,0.827647951,1.090071211,0.634920685,0.095258652,0.120848343
0.433333333,6,2,0.858255158,0.900617773,0.534189658,0.06114591,0.084023419
0.5,6,2,0.895585557,0.898896896,0.541644604,0.055409414,0.063111822
0.566666667,6,2,0.924629448,0.86694176,0.495726681,0.044182622,0.049391394
0.633333333,6,2,0.951127546,0.366075075,0.210271949,0.026065104,0.066088019
0.7,6,2,0.972117674,1.002901799,0.546015337,0.026748728,0.037940376
0.766666667,6,2,0.992491863,0.863923755,0.470032146,0.012154089,0.027152658
0.816666667,6,2,1,0.83584876,0.435627844,0.008981749,0.024025343
0.01,8,2,0.11479321,1.786324377,1.012137622,0.397544564,0.68178355
0.016666667,8,2,0.083601969,1.892850737,1.129621684,0.501724549,0.740384666
0.023333333,8,2,0.125168074,1.780150557,1.099724573,0.499064039,0.725770447
0.03,8,2,0.150459847,1.925398789,1.156813561,0.69619666,0.784710223
0.04,8,2,0.161864836,1.834392007,1.21720625,0.631568418,0.819358043
0.05,8,2,0.168961714,2.125222065,1.329897392,0.837612503,1
0.066666667,8,2,0.209449957,2.366592097,1.437600335,0.863870947,0.861764834
0.083333333,8,2,0.271408044,2.057937036,1.261484199,0.728134128,0.849012102
0.1,8,2,0.309633209,2.154125429,1.307511246,1,0.862830067
0.116666667,8,2,0.381623773,2.304169379,1.329486367,0.848003911,0.843585008
0.133333333,8,2,0.394659166,2.2626957,1.371023935,0.927077448,0.870941532
0.15,8,2,0.424848171,2.257475026,1.343964341,0.875027577,0.84750334
0.166666667,8,2,0.499206612,2.128236836,1.251615545,0.798282741,0.745718681
0.2,8,2,0.57740152,1.967372556,1.103847136,0.526552847,0.592872189
0.233333333,8,2,0.641775844,1.694374796,1.024099067,0.402034569,0.465061651
0.266666667,8,2,0.698984075,1.671840386,0.974533186,0.414698883,0.553196703
0.3,8,2,0.752882486,0.230842359,0.142794389,0.217755724,0.23696691
0.333333333,8,2,0.790806494,1.182282414,0.659142902,0.126893574,0.181109018
0.366666667,8,2,0.809926151,1.090130646,0.65989352,0.101342979,0.154052773
0.433333333,8,2,0.852658272,0.923466224,0.557996837,0.079752183,0.10913981
0.5,8,2,0.891437848,0.958281487,0.568081272,0.064627445,0.085623317
0.566666667,8,2,0.919723403,0.93259416,0.527748565,0.058623607,0.069395879
0.633333333,8,2,0.952204964,0.406736542,0.210765038,0.047022134,0.119322692
0.7,8,2,0.972851745,1.024819438,0.534170059,0.021901406,0.050380299
0.766666667,8,2,0.989423461,0.986846466,0.502781651,0.019620327,0.039919286
0.816666667,8,2,1,0.878105819,0.47638469,0.013355714,0.031776112
0.01,10,2,0.228015051,1.625843551,0.886562002,0.307960108,0.777866633
0.016666667,10,2,0.240862075,1.707683724,0.973709841,0.398627274,0.810898545
0.023333333,10,2,0.244457503,1.67431539,0.996369214,0.482114104,0.805513578
0.03,10,2,0.269223053,1.751297883,1.02567817,0.468109719,0.86497294
0.04,10,2,0.267251517,1.67062551,1.102049695,0.562622223,0.846343381
0.05,10,2,0.261869267,1.877625996,1.242812858,0.573727014,0.860335731
0.066666667,10,2,0.290320939,2.077500922,1.330070536,0.785470436,0.898115206
0.083333333,10,2,0.339535638,2.013777168,1.245197279,0.993319418,0.988767618
0.1,10,2,0.353964477,2.018476317,1.217825565,0.862895376,0.949876056
0.116666667,10,2,0.414157315,2.194614911,1.332447225,0.90190217,1
0.133333333,10,2,0.435703201,2.14608252,1.303142477,1,0.968975612
0.15,10,2,0.447250994,2.106370453,1.264689563,0.889349049,0.870007136
0.166666667,10,2,0.490418542,2.002610782,1.199387081,0.898523988,0.824951976
0.2,10,2,0.555662546,2.014209146,1.247990906,0.881355091,0.810710913
0.233333333,10,2,0.606141348,1.81333442,1.047742953,0.566388726,0.633333346
0.266666667,10,2,0.68854588,1.59045497,0.90037307,0.406922589,0.648725289
0.3,10,2,0.72533252,0.270260344,0.151727772,0.306425388,0.384203288
0.333333333,10,2,0.754521503,1.441262284,0.76618584,0.199087521,0.329244055
0.366666667,10,2,0.784429592,1.320815676,0.697241617,0.148763428,0.263918999
0.433333333,10,2,0.841269448,1.08442869,0.587997382,0.102319902,0.184687159
0.5,10,2,0.888531219,1.112327193,0.602749967,0.076361002,0.143623461
0.566666667,10,2,0.913962794,1.076064692,0.539104047,0.055455314,0.117468632
0.633333333,10,2,0.941277025,0.437183637,0.220426747,0.045722444,0.212590372
0.7,10,2,0.972190416,1.114412589,0.538402582,0.026756874,0.084376864
0.766666667,10,2,0.987445756,1.066021768,0.528284012,0.021327735,0.074372997
0.816666667,10,2,1,1.001715886,0.467910981,0.014331003,0.0631621
0.01,12,2,0.315432856,1.60095969,0.81104916,0.397862342,0.639703454
0.016666667,12,2,0.310592779,1.612631921,0.84975907,0.348811122,0.603096859
0.023333333,12,2,0.341090156,1.622077727,0.858165554,0.398793825,0.646450772
0.03,12,2,0.324265908,1.581731144,0.940497409,0.424301567,0.657970292
0.04,12,2,0.349702528,1.61599718,0.962578325,0.422419898,0.686823437
0.05,12,2,0.361824626,1.806975071,1.0865907,0.548889716,0.837774576
0.066666667,12,2,0.364259823,2.046341772,1.21038162,0.595263547,0.742420625
0.083333333,12,2,0.398591456,1.750655417,1.122449599,0.673782285,0.757414441
0.1,12,2,0.409157948,1.88342847,1.137651878,0.672557167,0.759257119
0.116666667,12,2,0.427706233,2.030723427,1.209707934,0.804459093,1
0.133333333,12,2,0.463468781,2.120944271,1.218609101,1,0.81540433
0.15,12,2,0.478299457,1.929764595,1.234892431,0.860826698,0.735893542
0.166666667,12,2,0.501901188,1.944470342,1.137606479,0.832000161,0.694894683
0.2,12,2,0.566942434,1.948567163,1.14372024,0.788481831,0.655380482
0.233333333,12,2,0.62745738,1.809010143,1.055250409,0.800385832,0.553498527
0.266666667,12,2,0.648179694,1.715202712,0.961755134,0.563022451,0.664650193
0.3,12,2,0.685366922,0.285745611,0.162341872,0.447987342,0.397912275
0.333333333,12,2,0.750981585,1.350291513,0.772443776,0.26265526,0.284751597
0.366666667,12,2,0.777200999,1.331560494,0.742622561,0.261034243,0.247220241
0.433333333,12,2,0.83702688,1.052633797,0.595242075,0.159974006,0.15971877
0.5,12,2,0.881566119,1.043122769,0.595049338,0.09232198,0.110218975
0.566666667,12,2,0.904969001,1.035548081,0.575476866,0.076342062,0.0925177
0.633333333,12,2,0.927350172,0.42818015,0.225832154,0.051301523,0.076029283
0.7,12,2,0.961817016,1.174105099,0.618475134,0.062791988,0.06672703
0.766666667,12,2,0.991699858,0.981896544,0.535635523,0.036976334,0.045789884
0.816666667,12,2,1,0.936760217,0.522858125,0.027662223,0.04023586
0.01,2,3,-0.139602768,1.641867646,0.57075247,0.003036576,0.234463942
0.016666667,2,3,-0.136242188,1.868287517,0.630375816,0.022594894,0.309543202
0.023333333,2,3,-0.113880861,1.722819428,0.654285208,0.024161526,0.262250868
0.03,2,3,-0.171378855,1.614551367,0.642660196,0.010148297,0.232226444
0.04,2,3,-0.172538258,1.694703343,0.692675463,0.040693061,0.286901573
0.05,2,3,-0.143642742,1.555482228,0.616145615,-0.050427352,0.311361774
0.066666667,2,3,-0.130123531,1.788898443,0.787785021,0.026434733,0.337745157
0.083333333,2,3,-0.158602159,1.74890428,0.864612848,0.070903129,0.29411195
0.1,2,3,-0.128105146,1.906444118,0.979287046,0.120881214,0.326573676
0.116666667,2,3,-0.102139939,1.963825655,1.024656649,0.144039326,0.354926395
0.133333333,2,3,-0.006382416,1.969360538,1.024392289,0.161307583,0.360782578
0.15,2,3,-0.073650134,2.228219176,1.165363394,0.217853641,0.469301994
0.166666667,2,3,-0.060540581,2.318569348,1.241257782,0.252195585,0.584263383
0.2,2,3,0.06304782,2.535563511,1.508773157,0.402074442,0.585474433
0.233333333,2,3,0.165438843,2.708813985,1.688375846,0.55542946,0.707636068
0.266666667,2,3,0.305121758,2.950899394,1.847771943,0.866213934,0.890181771
0.3,2,3,0.490952208,3.452986104,1.859291247,1,1
0.333333333,2,3,0.636553687,3.664278389,1.964884447,0.794143334,0.82156128
0.366666667,2,3,0.810751558,2.383428214,1.296316491,0.363431978,0.522298551
0.433333333,2,3,0.892981662,1.610334088,1.029326582,0.12256073,0.240395182
0.5,2,3,0.929887849,1.746768457,1.017728445,0.08510425,0.12757093
0.566666667,2,3,0.954033798,1.457849613,0.783031556,0.068055907,0.084064768
0.633333333,2,3,0.970559039,0.356074897,0.181902331,0.046410103,0.072813293
0.7,2,3,0.991317665,1.358968293,0.598929983,0.02225916,0.083076936
0.766666667,2,3,0.994036106,0.929907776,0.522518503,0.012075845,0.029332475
0.816666667,2,3,1,0.930952519,0.471173606,0.01022499,0.027061511
0.01,3,3,-0.237698975,1.96776129,0.876456055,0.099294877,0.360867492
0.016666667,3,3,-0.260406541,1.842502966,0.88816668,0.165528623,0.355124429
0.023333333,3,3,-0.236397104,1.869006256,0.925112231,0.21626161,0.370415094
0.03,3,3,-0.216284268,2.046883341,0.97768192,0.157509006,0.399511112
0.04,3,3,-0.210381065,1.872743027,0.958675967,0.190608857,0.407528684
0.05,3,3,-0.216981312,1.685087452,0.841736521,0.266422616,0.533978041
0.066666667,3,3,-0.141898039,2.392066946,1.247517251,0.521598846,0.567977153
0.083333333,3,3,-0.139642993,2.291596877,1.261199654,0.359971755,0.522107152
0.1,3,3,-0.122421107,2.54452369,1.35577807,0.414004945,0.585255048
0.116666667,3,3,-0.073269554,2.532955907,1.482220955,0.531623473,0.644706416
0.133333333,3,3,-0.03318626,2.688047595,1.542940292,0.484728492,0.632548154
0.15,3,3,0.016433836,2.71735414,1.594058216,0.63909497,0.69849876
0.166666667,3,3,0.099985973,2.737111357,1.712041928,0.575310674,0.726144484
0.2,3,3,0.121845837,2.950158758,1.864154005,0.720941913,0.788560787
0.233333333,3,3,0.245813935,3.044978271,1.914496595,0.814795991,0.903679476
0.266666667,3,3,0.347034069,3.129285516,1.89034307,0.857912001,1
0.3,3,3,0.469034477,3.275479374,2.034012378,1,0.93699649
0.333333333,3,3,0.635538149,3.434756002,2.213423777,0.86130753,0.755743439
0.366666667,3,3,0.741791547,2.401916938,1.578590552,0.610748662,0.510088498
0.433333333,3,3,0.885353593,1.70482359,1.15897081,0.208701886,0.241541006
0.5,3,3,0.922127244,1.716584433,1.194766447,0.102122563,0.129958102
0.566666667,3,3,0.953254649,1.291926011,0.92689068,0.046922687,0.075990224
0.633333333,3,3,0.968572405,0.356179703,0.196935311,0.038725276,0.077534016
0.7,3,3,0.986304298,1.072106952,0.614009891,0.027683538,0.045542973
0.766666667,3,3,0.994681413,1.056538702,0.556189097,0.014213921,0.03811957
0.816666667,3,3,1,1.090794317,0.531566357,0.011585273,0.03725455
0.01,4,3,-0.239778183,1.981958277,1.05702533,0.161425597,0.455092637
0.016666667,4,3,-0.221355955,2.101113971,1.08895674,0.246173138,0.476170339
0.023333333,4,3,-0.217457692,2.028499638,1.045017033,0.23717831,0.467050831
0.03,4,3,-0.207422669,2.078819355,1.132126999,0.297634237,0.44574248
0.04,4,3,-0.208027579,1.908187931,1.114049291,0.258487885,0.469915831
0.05,4,3,-0.160155381,1.799692877,1.06591229,0.436152383,0.618661674
0.066666667,4,3,-0.143191041,2.312617339,1.446955326,0.485286312,0.744732785
0.083333333,4,3,-0.122095137,2.563712229,1.558991115,0.596403884,0.72287751
0.1,4,3,-0.110145782,2.719252756,1.59828151,0.52957753,0.706690207
0.116666667,4,3,-0.041363648,2.728851848,1.668265765,0.706873567,0.765866916
0.133333333,4,3,-0.012642088,2.935419135,1.871218408,0.644474061,0.872786082
0.15,4,3,0.018587546,2.943851369,1.807108353,0.734815502,0.919752865
0.166666667,4,3,0.053671611,3.016813239,1.991286069,0.744056612,0.88636461
0.2,4,3,0.189260803,3.269452309,1.970900073,0.79433327,0.992050025
0.233333333,4,3,0.2781514,3.392591541,1.965938379,1,1
0.266666667,4,3,0.403634935,3.140271707,1.963994105,0.930686549,0.965332284
0.3,4,3,0.477181404,3.27671734,1.965701414,0.880870221,0.931385269
0.333333333,4,3,0.61576542,3.535675813,2.201454217,0.697597053,0.820609787
0.366666667,4,3,0.738928092,2.548225998,1.588055066,0.474382246,0.564532155
0.433333333,4,3,0.844351128,1.976521631,1.329068942,0.271904243,0.320801497
0.5,4,3,0.902812367,2.039936779,1.355319114,0.122013326,0.171444587
0.566666667,4,3,0.947559097,1.457908308,0.980558715,0.039214294,0.091169764
0.633333333,4,3,0.971302131,0.350105944,0.234362169,0.035490333,0.06513395
0.7,4,3,0.987959612,1.140857642,0.68443778,0.02206872,0.052714461
0.766666667,4,3,1,1.1652903,0.62139006,0.013391339,0.043569107
0.816666667,4,3,0.999487142,1.118464034,0.559761769,0.010764631,0.039545143
0.01,6,3,-0.060219772,2.277667817,1.06573815,0.072216087,0.502888202
0.016666667,6,3,-0.071522654,2.30169002,1.05652195,0.142956696,0.557281648
0.023333333,6,3,-0.055651782,2.220745194,1.148549617,0.160923998,0.582114922
0.03,6,3,-0.06022928,2.275078325,1.212077454,0.189110983,0.523376404
0.04,6,3,-0.070291048,2.030584121,1.248965519,0.186701799,0.511339998
0.05,6,3,-0.009022061,1.93961721,1.188648958,0.266480831,0.62101927
0.066666667,6,3,-0.003615834,2.414969701,1.618786508,0.423796407,0.688985179
0.083333333,6,3,0.00962687,2.419993627,1.737375123,0.544552472,0.612925618
0.1,6,3,0.016500417,2.564511645,1.794801686,0.520883084,0.618626272
0.116666667,6,3,0.02913224,2.666983993,1.956268871,0.598873477,0.6891416
0.133333333,6,3,0.093972499,2.905717586,2.042365901,0.690689681,0.798221439
0.15,6,3,0.09646214,3.002956565,2.030066376,0.834472285,0.853038889
0.166666667,6,3,0.158555793,3.31272981,2.206331982,0.929934654,0.946752975
0.2,6,3,0.223136191,3.471510062,2.196904115,0.826199869,0.999223821
0.233333333,6,3,0.321199083,3.416322211,2.227021493,0.941300531,1
0.266666667,6,3,0.376116551,3.443576107,2.1271469,1,0.982479053
0.3,6,3,0.451345826,3.481024076,2.115445765,0.931420318,0.877193239
0.333333333,6,3,0.531157913,3.926663226,2.418673217,0.862484355,0.80447084
0.366666667,6,3,0.601623153,3.238127362,2.009194312,0.760822119,0.738067518
0.433333333,6,3,0.773562088,2.384198959,1.467775363,0.285699127,0.383381428
0.5,6,3,0.851014634,2.513691985,1.721654037,0.1566009,0.236837132
0.566666667,6,3,0.919707037,1.709785638,1.190605812,0.066350236,0.105925149
0.633333333,6,3,0.95231322,0.430492671,0.268346616,0.035914705,0.084434616
0.7,6,3,0.971645428,1.255052445,0.769108031,0.020070971,0.052524083
0.766666667,6,3,0.990981164,1.212495716,0.641875939,0.010297473,0.038936004
0.816666667,6,3,1,1.150845091,0.569713154,0.00828013,0.034822746
0.01,8,3,0.054260134,2.107431114,1.124938737,0.187081802,0.565432159
0.016666667,8,3,0.062444386,2.23807705,1.181122353,0.151449167,0.614637945
0.023333333,8,3,0.064052898,2.164885295,1.204994041,0.227906842,0.619893692
0.03,8,3,0.078393332,2.233472892,1.338622021,0.245189055,0.626825177
0.04,8,3,0.069189704,2.010719954,1.372834991,0.239865297,0.649416263
0.05,8,3,0.093983934,1.833157328,1.196130873,0.43743985,0.673481963
0.066666667,8,3,0.114254089,2.229928801,1.465271822,0.37013188,0.676066708
0.083333333,8,3,0.124128959,2.337659176,1.676223638,0.531448148,0.739889167
0.1,8,3,0.143964641,2.841481783,1.817675498,0.691206059,0.835155193
0.116666667,8,3,0.182406247,2.598285229,1.845093474,0.653331105,0.816698283
0.133333333,8,3,0.191893056,2.813795472,1.847846936,0.731557754,0.851585742
0.15,8,3,0.176503655,2.620209534,1.739303207,0.768675663,0.801908721
0.166666667,8,3,0.222723619,2.852797554,1.890932141,0.7674044,0.874126558
0.2,8,3,0.306888317,3.282444161,2.050709542,1,0.945298284
0.233333333,8,3,0.364028974,3.145120881,1.982136618,0.940672163,0.960575971
0.266666667,8,3,0.379657098,3.181172217,1.97211768,0.994023436,1
0.3,8,3,0.482730899,3.209075899,1.958274856,0.940253142,0.896483902
0.333333333,8,3,0.590312294,3.522436201,2.025333017,0.639724249,0.79406945
0.366666667,8,3,0.640772229,2.860276486,1.661847732,0.597132457,0.661715354
0.433333333,8,3,0.746441733,2.434782488,1.45619251,0.392639174,0.447434095
0.5,8,3,0.849764453,2.41118646,1.494213219,0.148774144,0.237693705
0.566666667,8,3,0.898752854,1.764811326,1.160213874,0.053522849,0.12891751
0.633333333,8,3,0.938853126,0.40425716,0.276377438,0.044367378,0.084496263
0.7,8,3,0.973465278,1.327831285,0.794725982,0.024242737,0.075729367
0.766666667,8,3,0.992429673,1.324577626,0.708858135,0.008266343,0.050470631
0.816666667,8,3,1,1.24678037,0.602061378,0.010159688,0.042033154
0.01,10,3,0.171677769,1.927419916,0.905246474,0.101827428,0.576317091
0.016666667,10,3,0.19824187,2.13312548,0.997008163,0.251753831,0.677562214
0.023333333,10,3,0.187082783,2.036706046,1.068917556,0.22906932,0.677354568
0.03,10,3,0.200259054,2.086409534,1.129436763,0.231331186,0.704666055
0.04,10,3,0.238088726,2.122533897,1.113912939,0.362907734,0.782386129
0.05,10,3,0.218626436,1.774584944,1.075135186,0.381271181,0.833872581
0.066666667,10,3,0.247486607,1.986626379,1.26867099,0.399610393,0.699725541
0.083333333,10,3,0.230023103,2.164136955,1.381677432,0.529844543,0.779594927
0.1,10,3,0.275759265,2.403858848,1.579353583,0.609977946,0.874921499
0.116666667,10,3,0.290041654,2.542947324,1.595926566,0.819905228,0.918471033
0.133333333,10,3,0.313216212,2.575735944,1.709613126,0.815914812,0.947210501
0.15,10,3,0.305522091,2.459134417,1.668438993,0.914748775,0.953654409
0.166666667,10,3,0.325041901,2.714072724,1.733019639,0.820846049,1
0.2,10,3,0.38755491,2.846642223,1.699612759,0.837906431,0.976329001
0.233333333,10,3,0.435241779,2.668960847,1.684220913,0.980113271,0.945344688
0.266666667,10,3,0.481285267,2.723454136,1.587198224,0.939712889,0.989566429
0.3,10,3,0.513788062,2.835888302,1.714522195,1,0.965583341
0.333333333,10,3,0.570596976,3.385699164,2.098326259,0.888656674,0.97741619
0.366666667,10,3,0.633168894,2.795834977,1.596508293,0.755496355,0.860223077
0.433333333,10,3,0.719134509,2.649337893,1.493483807,0.63010392,0.699203231
0.5,10,3,0.801609879,3.071407174,1.754228898,0.360070915,0.496019691
0.566666667,10,3,0.864565021,2.265535028,1.392066666,0.179198758,0.264899769
0.633333333,10,3,0.907036862,0.576252857,0.302349658,0.044913938,0.212492205
0.7,10,3,0.957525256,1.823137768,0.97917175,0.033414595,0.175487458
0.766666667,10,3,0.985939328,1.676533283,0.804677517,0.007709953,0.110991478
0.816666667,10,3,1,1.563717552,0.649208729,0.010219906,0.097296928
0.01,12,3,0.280988284,1.869631348,0.906155283,0.203611822,0.608379673
0.016666667,12,3,0.307571059,1.955911461,0.936288511,0.130376466,0.641156359
0.023333333,12,3,0.272214959,1.828195855,0.953403819,0.117830043,0.620752478
0.03,12,3,0.323069115,2.176051609,1.067653743,0.230116446,0.711475821
0.04,12,3,0.295968465,1.811881626,1.041147526,0.190954023,0.680815367
0.05,12,3,0.322959602,1.709055495,0.94038075,0.359747131,0.729517461
0.066666667,12,3,0.353377931,2.052205871,1.235037373,0.302729844,0.776174298
0.083333333,12,3,0.380314378,2.170803856,1.328538089,0.413257464,0.812747774
0.1,12,3,0.39150211,2.428220483,1.470751154,0.542788026,0.891755449
0.116666667,12,3,0.40209262,2.300640867,1.43523487,0.413007071,0.817927857
0.133333333,12,3,0.359744363,2.433312924,1.511700769,0.649959448,0.906485757
0.15,12,3,0.413365505,2.259989747,1.5484067,0.642966065,0.88234231
0.166666667,12,3,0.435583149,2.407452402,1.628380606,0.617325868,0.925717871
0.2,12,3,0.44428429,2.69779946,1.691984615,0.842764388,0.941958118
0.233333333,12,3,0.488980896,2.441795244,1.628321889,0.601143248,0.924594203
0.266666667,12,3,0.489325917,2.659642337,1.615658325,1,1
0.3,12,3,0.518054317,2.659999201,1.746614248,0.762692568,0.950912562
0.333333333,12,3,0.583979347,3.104484546,1.960299907,0.854857204,0.891355462
0.366666667,12,3,0.621266868,2.767594789,1.6061791,0.933610483,0.92289254
0.433333333,12,3,0.729159562,2.39715313,1.398941839,0.592647771,0.615802534
0.5,12,3,0.802846214,2.775812309,1.839493889,0.459808583,0.457025043
0.566666667,12,3,0.885146956,2.236566407,1.468307179,0.202903287,0.285470073
0.633333333,12,3,0.906198488,0.484052421,0.318678282,0.074078247,0.243473058
0.7,12,3,0.955329372,1.525131407,0.955651321,0.066692023,0.128182559
0.766666667,12,3,0.982511239,1.409749329,0.853014617,0.025892999,0.087217073
0.816666667,12,3,1,1.292507892,0.629375284,0.015685502,0.065572712
0.01,2,4,-0.098610256,1.745893974,0.61346639,0.033801783,0.283656346
0.016666667,2,4,-0.102078874,1.758870933,0.56607479,0.017338341,0.27876611
0.023333333,2,4,-0.120422086,1.697799876,0.632827271,0.023053367,0.262483188
0.03,2,4,-0.132096146,1.626370649,0.611256561,0.052201115,0.276497725
0.04,2,4,-0.122253802,1.654453723,0.659538502,0.062539773,0.299796945
0.05,2,4,-0.121134175,1.46089664,0.583158091,0.047450196,0.307843934
0.066666667,2,4,-0.102107586,1.672620165,0.735053098,0.044661797,0.337668611
0.083333333,2,4,-0.118119934,1.672894848,0.766325469,0.055278048,0.306560262
0.1,2,4,-0.112348626,1.86626158,0.875932172,0.072279403,0.342632377
0.116666667,2,4,-0.079332791,1.904562387,0.968851465,0.127656392,0.370368275
0.133333333,2,4,-0.038018654,1.8122562,0.969577933,0.114514821,0.35588768
0.15,2,4,0.008290763,1.893750661,1.039198836,0.163153598,0.374614271
0.166666667,2,4,0.030982831,2.117882589,0.982675286,0.07794568,0.505868679
0.2,2,4,0.097825544,2.251859928,1.257252275,0.254546119,0.485370819
0.233333333,2,4,0.18874646,2.779170927,1.514542323,0.454126807,0.668579935
0.266666667,2,4,0.339666231,3.54265214,1.969777742,1,0.609920534
0.3,2,4,0.483564976,3.661689614,1.91866724,0.999320533,1
0.333333333,2,4,0.675491711,3.365813992,1.767737714,0.819294763,0.780553743
0.366666667,2,4,0.79830676,2.61475799,1.528247564,0.347505765,0.470230563
0.433333333,2,4,0.88540476,1.688752444,1.202001113,0.08422388,0.192103603
0.5,2,4,0.920748644,1.434666798,0.927907359,0.038341138,0.115832889
0.566666667,2,4,0.938928152,1.320584645,0.807093196,0.015381806,0.081581157
0.633333333,2,4,0.958377279,1.523619341,0.761793989,0.079458502,0.077138169
0.7,2,4,0.980172261,1.515325798,0.673457977,0.066958997,0.064216269
0.766666667,2,4,0.992102262,1.509959357,0.620164242,0.046884216,0.063937461
0.816666667,2,4,1,1.49763697,0.590877821,0.043691714,0.052485939
0.01,3,4,-0.221418836,1.919924574,0.783044379,0.107019075,0.387413259
0.016666667,3,4,-0.193216611,1.946150339,0.859672626,0.154879469,0.391825722
0.023333333,3,4,-0.174529491,1.964132026,0.931596365,0.176150039,0.422139863
0.03,3,4,-0.213345426,1.884412177,0.92758595,0.156227077,0.402758583
0.04,3,4,-0.181729326,2.00217711,0.982696089,0.345951882,0.483489249
0.05,3,4,-0.134821414,1.699638801,0.839595822,0.228697864,0.443088341
0.066666667,3,4,-0.152575346,2.013480966,1.040661154,0.204944118,0.453858148
0.083333333,3,4,-0.103255122,2.278166306,1.162206187,0.367319395,0.572839142
0.1,3,4,-0.050779967,2.431765628,1.295450656,0.406315276,0.613225592
0.116666667,3,4,-0.010718155,2.526052005,1.246508326,0.389071715,0.613972066
0.133333333,3,4,-0.010241316,2.583253088,1.371544653,0.476173236,0.67994429
0.15,3,4,0.045597264,2.681912323,1.373634175,0.510545356,0.735135705
0.166666667,3,4,0.041691652,2.737336115,1.457734885,0.558695455,0.759519599
0.2,3,4,0.161800717,3.066040644,1.619674502,0.682191763,0.851602109
0.233333333,3,4,0.293580633,3.267426897,1.917823326,0.872185507,0.969139232
0.266666667,3,4,0.392049291,3.500806981,2.035004516,1,1
0.3,3,4,0.507145106,3.443833666,1.993222856,0.980151959,0.970986061
0.333333333,3,4,0.666471286,3.069938743,1.748333627,0.691859685,0.716394857
0.366666667,3,4,0.772345891,2.868066162,1.629316749,0.493765478,0.553933637
0.433333333,3,4,0.875034396,2.036082552,1.273907299,0.161707937,0.250250906
0.5,3,4,0.907268832,1.591472474,1.074789382,0.073705081,0.142780485
0.566666667,3,4,0.950813343,1.165940603,0.816271636,0.050932795,0.067600107
0.633333333,3,4,0.966894158,1.030396315,0.69439867,0.032409743,0.044484497
0.7,3,4,0.980626932,0.980362567,0.639530088,0.025755145,0.035516874
0.766666667,3,4,0.991947939,0.91513641,0.569399132,0.015174599,0.044902712
0.816666667,3,4,1,0.900283512,0.515857346,0.013072046,0.025103192
0.01,4,4,-0.212434685,2.143390931,0.996437251,0.21567739,0.436541229
0.016666667,4,4,-0.210242909,2.112279577,1.044141285,0.231837277,0.440613946
0.023333333,4,4,-0.153847136,2.170854743,1.119142854,0.289728411,0.457668737
0.03,4,4,-0.201103265,2.108608723,1.105796296,0.266336167,0.467467212
0.04,4,4,-0.166427015,2.160039208,1.199453898,0.339442781,0.505831633
0.05,4,4,-0.168987734,1.868367022,1.027446996,0.307185437,0.495597952
0.066666667,4,4,-0.125717255,2.322132927,1.27615162,0.353808173,0.54421725
0.083333333,4,4,-0.107480174,2.537177943,1.345473975,0.372573851,0.64130181
0.1,4,4,-0.076163223,2.546542176,1.522171246,0.504275387,0.632392763
0.116666667,4,4,-0.025098287,2.757553668,1.553137315,0.494515022,0.729123531
0.133333333,4,4,5.21068E-05,2.965015437,1.582853751,0.640070542,0.747563162
0.15,4,4,0.053128415,2.888715003,1.619970794,0.600115982,0.760247085
0.166666667,4,4,0.122615773,3.055625596,1.638400707,0.575901465,0.827423614
0.2,4,4,0.166857669,3.419163372,1.73708728,0.617068777,0.89315583
0.233333333,4,4,0.301742681,3.697797448,2.18260261,1,1
0.266666667,4,4,0.376726999,3.556470645,2.152450883,0.831135058,0.915038587
0.3,4,4,0.513083883,3.455987842,2.071991026,0.797992551,0.852202024
0.333333333,4,4,0.612077864,3.23682061,1.951105301,0.714810898,0.662446888
0.366666667,4,4,0.742996928,2.732116919,1.750781282,0.426908422,0.427433794
0.433333333,4,4,0.872928838,1.881275348,1.332882761,0.13993163,0.186039654
0.5,4,4,0.916435433,1.401491798,1.030088629,0.068422585,0.096700272
0.566666667,4,4,0.933802933,1.26138996,0.865701498,0.037246143,0.066019041
0.633333333,4,4,0.960759763,1.234478706,0.80827679,0.027243682,0.051754774
0.7,4,4,0.978958329,1.102327047,0.65508692,0.013329815,0.035826409
0.766666667,4,4,0.984544197,1.133808175,0.633458709,0.009755036,0.030827542
0.816666667,4,4,1,0.995646673,0.533286331,0.011511606,0.025620012
0.01,6,4,-0.062670168,1.780250731,0.780700732,0.087495829,0.446042809
0.016666667,6,4,-0.058466745,1.952796948,0.88508522,0.152265375,0.470673194
0.023333333,6,4,-0.07354843,1.692487646,1.013412584,0.124033254,0.394128446
0.03,6,4,-0.034525892,2.017369425,1.067131747,0.210290421,0.537064864
0.04,6,4,-0.013227623,2.014059297,1.272152106,0.216213706,0.592256799
0.05,6,4,-0.010109383,1.733204588,1.071619028,0.201212341,0.568347204
0.066666667,6,4,-0.017218477,1.981826841,1.286804181,0.308138276,0.504786216
0.083333333,6,4,0.0021424,2.109622065,1.43169824,0.336529458,0.572595288
0.1,6,4,0.085684204,2.597868869,1.764164616,0.577179607,0.777910269
0.116666667,6,4,0.123043288,2.589770954,1.832100689,0.686515081,0.777459266
0.133333333,6,4,0.126423822,2.65473353,1.824372389,0.680548751,0.775440991
0.15,6,4,0.052228277,2.82747305,0.831857062,0.900753938,0.768340092
0.166666667,6,4,0.181485953,2.991989268,1.873150865,0.839270911,0.907977287
0.2,6,4,0.246973622,3.291674542,2.115593335,1,1
0.233333333,6,4,0.337490589,3.465326591,2.099600908,0.95785701,0.994964925
0.266666667,6,4,0.392230826,3.497360783,2.159468115,0.918570141,0.916746719
0.3,6,4,0.512623685,3.419615082,2.074089846,0.79295764,0.858617089
0.333333333,6,4,0.566788406,3.308672604,2.002537221,0.692331261,0.785172098
0.366666667,6,4,0.628613003,3.388448282,1.975078129,0.564276508,0.685018022
0.433333333,6,4,0.766738592,2.551643658,1.653958662,0.208587787,0.362220004
0.5,6,4,0.848143794,1.949777758,1.285267001,0.120257947,0.183779501
0.566666667,6,4,0.894052424,1.660430162,1.091839743,0.066874778,0.114657255
0.633333333,6,4,0.925183711,1.681192095,0.977982028,0.055660689,0.095202115
0.7,6,4,0.961713178,1.63311711,0.862424852,0.031313698,0.068507306
0.766666667,6,4,0.982219299,1.537082532,0.785912887,0.009045247,0.056023732
0.816666667,6,4,1,1.417214167,0.660818997,0.001808796,0.04871945
0.01,8,4,0.043750199,2.078577841,1.056200377,0.185888515,0.526346406
0.016666667,8,4,0.067104465,2.005422268,1.170469679,0.210507216,0.531356602
0.023333333,8,4,0.044787292,1.955071703,1.108187686,0.239908355,0.486396444
0.03,8,4,0.092297775,2.017303336,1.255283161,0.285724929,0.596125347
0.04,8,4,0.088897073,2.007644478,1.213384609,0.214294958,0.599852712
0.05,8,4,0.105866124,1.963037054,1.197896018,0.495896133,0.668303063
0.066666667,8,4,0.132151065,2.330770132,1.51114237,0.461034535,0.740162349
0.083333333,8,4,0.156497574,2.41313045,1.582205451,0.597198314,0.79337608
0.1,8,4,0.169443289,2.539327805,1.624394168,0.544331557,0.799143268
0.116666667,8,4,0.204789553,2.602754505,1.634949453,0.722771162,0.784510698
0.133333333,8,4,0.240521574,2.839937334,1.933186725,0.955012387,0.952068829
0.15,8,4,0.277109102,2.969971834,1.860517229,0.993154581,0.945267538
0.166666667,8,4,0.297831704,2.871977977,1.937923117,1,0.920530778
0.2,8,4,0.328449502,3.230403308,1.900713239,0.94134411,0.957310353
0.233333333,8,4,0.423797164,3.333167153,1.992379646,0.865574755,0.928276287
0.266666667,8,4,0.444334839,3.663730863,1.840987721,0.904741505,1
0.3,8,4,0.545785202,3.313272735,1.964377924,0.881093615,0.844224478
0.333333333,8,4,0.610024727,3.179897497,1.921648901,0.754661542,0.730880012
0.366666667,8,4,0.671592487,3.262540062,1.936299645,0.572175636,0.65297602
0.433333333,8,4,0.785768314,2.781345327,1.570736874,0.325166808,0.394868076
0.5,8,4,0.861942716,2.130494311,1.311941923,0.178241041,0.20637234
0.566666667,8,4,0.91629361,1.748333219,1.104813622,0.099553526,0.124494422
0.633333333,8,4,0.96863358,1.927377091,1.052497804,0.030920133,0.121656677
0.7,8,4,0.985070185,1.576509034,0.809565092,0.040960845,0.082548354
0.766666667,8,4,0.989504283,1.414700925,0.657339718,0.022907696,0.054091999
0.816666667,8,4,1,1.355644069,0.609552797,0.007935295,0.049352959
0.01,10,4,0.195038313,2.061202948,0.958712613,0.108016088,0.550925657
0.016666667,10,4,0.20762704,2.051150163,1.048802749,0.159901365,0.548387657
0.023333333,10,4,0.190090926,2.251433793,1.064735675,0.289035143,0.616036722
0.03,10,4,0.212262166,2.093133533,1.076919543,0.243531622,0.594268934
0.04,10,4,0.228008571,1.930264695,1.115065271,0.343004549,0.565279895
0.05,10,4,0.234096674,1.780977756,1.059745478,0.347261554,0.616537587
0.066666667,10,4,0.243731816,2.070297748,1.267240849,0.405686756,0.609913331
0.083333333,10,4,0.258974221,2.143979766,1.360302895,0.432910065,0.640679553
0.1,10,4,0.280671608,2.380354348,1.411177441,0.565343982,0.661014185
0.116666667,10,4,0.292360686,2.4258071,1.461535984,0.555563667,0.71944398
0.133333333,10,4,0.316983331,2.371165391,1.514353311,0.575617153,0.694050781
0.15,10,4,0.333549312,2.532750579,1.616761612,0.720966837,0.772478862
0.166666667,10,4,0.347447493,2.6727738,1.734700023,0.884405519,0.817172753
0.2,10,4,0.368730513,2.850231576,1.771169759,0.902633428,0.823060742
0.233333333,10,4,0.436031787,2.993392558,1.833050904,0.972174824,0.842645825
0.266666667,10,4,0.501139514,3.159365604,1.863610207,1,1
0.3,10,4,0.550745217,3.206464021,1.787821276,0.937870806,0.780402877
0.333333333,10,4,0.610795494,3.160018274,1.627671282,0.720394679,0.707120587
0.366666667,10,4,0.661118784,3.310807039,1.913744028,0.794298153,0.688880821
0.433333333,10,4,0.752694155,2.836735772,1.731878913,0.489058161,0.455573839
0.5,10,4,0.833352678,2.400988443,1.489497316,0.268984252,0.305295591
0.566666667,10,4,0.895340911,2.135378652,1.286830256,0.155051257,0.197150597
0.633333333,10,4,0.92365311,2.000269559,1.080221206,0.106926898,0.156954124
0.7,10,4,0.959863529,1.858818088,0.920743429,0.064586028,0.11386999
0.766666667,10,4,0.985107805,1.622201847,0.77496462,0.045229629,0.074789195
0.816666667,10,4,1,1.537383404,0.644566764,0.021712411,0.066969148
0.01,12,4,0.324710403,1.98355098,0.876430923,0.161299784,0.660680229
0.016666667,12,4,0.313109772,1.922546949,0.937049385,0.225611148,0.665925723
0.023333333,12,4,0.324204831,1.97806955,0.98374273,0.212985939,0.701429681
0.03,12,4,0.308999278,1.900783264,1.032281816,0.219293842,0.680442627
0.04,12,4,0.322210875,1.948904726,1.034451302,0.248415824,0.728505828
0.05,12,4,0.308428587,1.618922979,0.920813392,0.257075337,0.683650457
0.066666667,12,4,0.324902817,1.984917658,1.148536062,0.343026431,0.726544103
0.083333333,12,4,0.344984206,2.132862389,1.3106254,0.416310141,0.823549512
0.1,12,4,0.368486978,2.220439403,1.412244603,0.373385256,0.829820178
0.116666667,12,4,0.37028528,2.27094759,1.429534718,0.570789346,0.882253959
0.133333333,12,4,0.386047994,2.276865495,1.615120576,0.581711781,0.922359964
0.15,12,4,0.401956647,2.338224627,1.576698894,0.622374031,0.900693531
0.166666667,12,4,0.417430835,2.434560067,1.610359178,0.715686565,0.94214877
0.2,12,4,0.452520529,2.572031987,1.659913001,0.766175826,0.908794656
0.233333333,12,4,0.481511872,2.775297446,1.800756473,0.774719219,1
0.266666667,12,4,0.490167331,2.908890087,1.851510162,0.847703855,0.96576562
0.3,12,4,0.591774024,2.892431817,1.854657443,0.76115834,0.972394359
0.333333333,12,4,0.617566799,3.193310412,1.853669207,1,0.987056409
0.366666667,12,4,0.664868045,3.157652105,1.869011723,0.72460068,0.866469477
0.433333333,12,4,0.736191505,3.137608097,1.882845582,0.58921587,0.738682846
0.5,12,4,0.82821592,2.722823249,1.62188348,0.393755723,0.503570489
0.566666667,12,4,0.877783304,2.353081418,1.457731187,0.244338764,0.311331373
0.633333333,12,4,0.936496092,1.820139278,1.189364964,0.083758609,0.185650515
0.7,12,4,0.978997081,1.739129549,0.955280995,0.043949449,0.127026726
0.766666667,12,4,0.995963025,1.361884321,0.768309187,0.022845681,0.07159453
0.816666667,12,4,1,1.369802085,0.695023118,0.014080011,0.066488124
