z/D (z-axis),rss_uw/U_R2(x-axis),Avg_u/U_R(x-axis),rms_u/U_R(x-axis),rms_w/U_R(x-axis),tke/U_R2(x-axis)
0.06,0.002709864,-0.375421474,0.378136894,0.140921614,0.117831044
0.1,0.00238296,-0.428702611,0.360399642,0.155501694,0.122160099
0.14,0.001784731,-0.39827913,0.325926285,0.140216073,0.096768072
0.18,0.004311115,-0.318172441,0.338692723,0.169074833,0.109387331
0.24,0.007436526,-0.287010644,0.32477871,0.13422053,0.09351974
0.3,0.005591436,-0.177109677,0.31471181,0.157629273,0.095691562
0.4,0.009528039,-0.158162821,0.351784171,0.176815022,0.123353625
0.5,0.015833442,0.025994755,0.352088339,0.204335825,0.138191275
0.6,0.022803351,0.076415658,0.346904525,0.200936553,0.129855667
0.7,0.020482523,0.159555734,0.347874302,0.211226601,0.137803321
0.8,0.035093554,0.322600597,0.398262023,0.234473538,0.174144434
0.9,0.033471204,0.490255593,0.388490367,0.221070726,0.173193885
1,0.0390296,0.630837774,0.415444547,0.230977969,0.167483937
1.2,0.03326786,1.000650963,0.375274305,0.197378987,0.146638165
1.4,0.012728597,1.257289931,0.266752395,0.144419152,0.078497404
1.6,0.006043266,1.282002972,0.221278133,0.120319989,0.05012926
1.8,0.004547542,1.292190304,0.162190959,0.097432971,0.03057177
2,0.003515773,1.282773714,0.13392769,0.084305585,0.020524452
2.2,0.002953458,1.271809195,0.121390759,0.072930941,0.016305774
2.6,0.002749597,1.234909104,0.102136227,0.062433575,0.010923526
3,0.001619136,1.203196942,0.084463854,0.051558283,0.007479504
3.4,0.001049108,1.201598658,0.079989593,0.045511442,0.005997919
3.8,0.001128305,1.195041948,0.070573568,0.038672393,0.005478756
4.2,0.000446643,1.153836304,0.05706051,0.030602177,0.003316045
4.6,0.00032494,1.154918614,0.053799845,0.028597921,0.00278868
4.9,0.000245433,1.141482731,0.050006528,0.026289578,0.00243955
0.06,0.021662629,-0.543444254,0.407852371,0.197926816,0.164913066
0.1,0.024356656,-0.447384811,0.439709727,0.216771036,0.187725207
0.14,0.024937746,-0.365413545,0.415257432,0.219529636,0.174936304
0.18,0.022702828,-0.428665999,0.409526732,0.218029514,0.169291218
0.24,0.031958151,-0.199398072,0.431897132,0.235983102,0.188836748
0.3,0.024525925,-0.123385818,0.371222943,0.216971681,0.157181216
0.4,0.030682081,0.007941972,0.428676556,0.240245604,0.185916698
0.5,0.028914601,0.097892656,0.406154522,0.221654846,0.172226335
0.6,0.033967655,0.194402839,0.399325114,0.228811329,0.175129395
0.7,0.025177822,0.343793289,0.368220866,0.234079255,0.157182688
0.8,0.033789003,0.482429609,0.396159096,0.250656573,0.177118161
0.9,0.044966543,0.557203262,0.396133734,0.255674843,0.171697234
1,0.046891694,0.732153568,0.388223284,0.251379481,0.16404721
1.2,0.031565583,1.015802112,0.356953971,0.204835694,0.139512271
1.4,0.02060821,1.214592539,0.28501787,0.175125643,0.089131384
1.6,0.013412235,1.308972389,0.232808342,0.157797587,0.063579095
1.8,0.004534806,1.313073775,0.171247048,0.107959344,0.032719166
2,0.003846297,1.282525328,0.145668327,0.088614877,0.025191985
2.2,0.002730176,1.293236121,0.127061077,0.074956191,0.01703629
2.6,0.002436804,1.249831108,0.106714317,0.063423238,0.011464315
3,0.0017226,1.218261918,0.087812276,0.052724443,0.007855239
3.4,0.000997487,1.185699559,0.074244301,0.042788612,0.005453077
3.8,0.0010302,1.157361306,0.070464047,0.038561583,0.006083794
4.2,0.000517696,1.165368659,0.057755885,0.031973609,0.00344697
4.6,0.000223182,1.165616531,0.046990881,0.02620805,0.002417799
4.9,0.000139945,1.155891048,0.043409324,0.024378247,0.002101583
0.06,0.029027708,-0.411577107,0.456208054,0.241776309,0.229505058
0.1,0.030868699,-0.4291967,0.477656611,0.240143591,0.248994392
0.14,0.028862956,-0.379248761,0.444823921,0.257773786,0.234320208
0.18,0.037174867,-0.230653812,0.481935148,0.280669184,0.255468863
0.24,0.043514555,-0.164131783,0.476622781,0.263188065,0.244019271
0.3,0.039525802,-0.139504639,0.453619752,0.261112438,0.237795054
0.4,0.044629779,0.069015666,0.45019326,0.273960366,0.229975094
0.5,0.053347633,0.11994524,0.477142962,0.277900279,0.232982449
0.6,0.045272894,0.288352032,0.453425437,0.265698392,0.209485315
0.7,0.053227229,0.374383136,0.441438194,0.265887128,0.19882764
0.8,0.048072984,0.495134613,0.421651057,0.266503883,0.197125546
0.9,0.044904517,0.667426518,0.40397238,0.262111236,0.18137863
1,0.043472369,0.729839444,0.392381427,0.252648048,0.169575421
1.2,0.032672747,0.964799495,0.370585747,0.211225241,0.147076438
1.4,0.016093108,1.164474188,0.285296516,0.167924038,0.088133881
1.6,0.011740041,1.247935139,0.23704076,0.141318205,0.059065407
1.8,0.005421945,1.275159176,0.188043625,0.116435656,0.036578678
2,0.0031974,1.292360517,0.148674454,0.090741755,0.024982962
2.2,0.002676932,1.283334281,0.130582012,0.078817329,0.018333024
2.6,0.001620737,1.255728666,0.102805046,0.062034085,0.010710483
3,0.001236195,1.222251165,0.085580781,0.049597731,0.007289984
3.4,0.000799628,1.205403648,0.070163241,0.039808175,0.004810609
3.8,0.000629677,1.153085031,0.06271351,0.033884195,0.005315382
4.2,0.000196776,1.1699654,0.049222152,0.026981184,0.002825062
4.6,0.000182946,1.163949482,0.046761386,0.025306475,0.002288441
4.9,0.000151076,1.156252472,0.045000134,0.022899725,0.002088882
0.06,0.044316673,-0.104226617,0.466222075,0.286116922,0.253529011
0.1,0.035811387,-0.101276832,0.425405943,0.27425374,0.235446001
0.14,0.043655212,-0.050837566,0.446854874,0.300271397,0.245942247
0.18,0.045133841,-0.019675362,0.469571398,0.279906825,0.255441166
0.24,0.05600918,0.001366237,0.458747674,0.285651717,0.244175307
0.3,0.044295822,0.146488819,0.439381098,0.285596248,0.231690954
0.4,0.054718053,0.211732049,0.450051257,0.296571472,0.237107268
0.5,0.072518366,0.296665398,0.472157118,0.301665633,0.240703109
0.6,0.048155234,0.379083551,0.425338481,0.278703807,0.207237168
0.7,0.059181095,0.490802597,0.42477721,0.276189385,0.201808591
0.8,0.052713147,0.622575052,0.43224519,0.261607286,0.199051854
0.9,0.051272018,0.705245491,0.413484185,0.24971776,0.176195702
1,0.038745265,0.82571034,0.378591184,0.234297546,0.154933243
1.2,0.029152165,0.954816374,0.347153769,0.207755806,0.131259057
1.4,0.016726881,1.051871549,0.285823343,0.175204656,0.088236894
1.6,0.009679503,1.107896033,0.224874165,0.135836465,0.053775004
1.8,0.005535907,1.173352398,0.176810724,0.110224476,0.033814167
2,0.003702416,1.182403681,0.14723404,0.093713105,0.023290052
2.2,0.001808451,1.199879028,0.128790486,0.080128599,0.017039611
2.6,0.002086054,1.167000593,0.115531432,0.067392193,0.012711113
3,0.001135441,1.168518082,0.094909107,0.052996637,0.008374129
3.4,0.000732509,1.138330768,0.080524134,0.044342863,0.005952263
3.8,0.000230811,1.175613635,0.07154284,0.03819648,0.005516079
4.2,0.000190099,1.132465035,0.058517129,0.029931258,0.003485397
4.6,3.08E-05,1.129822253,0.051229017,0.026347883,0.002617021
4.9,0.000117388,1.12536966,0.047892984,0.024231775,0.00220975
0.06,0.033985579,0.241545282,0.452614473,0.27588975,0.26199612
0.1,0.044273131,0.29696344,0.475610629,0.300978152,0.272945684
0.14,0.042155659,0.301126444,0.444074243,0.298039753,0.245153688
0.18,0.031862739,0.264652369,0.438439059,0.27809339,0.236779836
0.24,0.04620741,0.366879942,0.419761085,0.284524027,0.212043043
0.3,0.042492227,0.370432105,0.43339984,0.280884588,0.219290124
0.4,0.058011295,0.437483417,0.439581662,0.289474214,0.235633559
0.5,0.049236334,0.515464889,0.424991847,0.276541249,0.213201508
0.6,0.055844426,0.555113853,0.418670059,0.274510713,0.190104342
0.7,0.046760712,0.603814319,0.397961118,0.257190631,0.175600808
0.8,0.050488301,0.706941117,0.412279939,0.254078875,0.175151872
0.9,0.045352542,0.723004502,0.383744954,0.245484139,0.157283898
1,0.032138644,0.82943771,0.360696875,0.217299818,0.143255689
1.2,0.028121903,0.883511133,0.344949253,0.211190233,0.126255844
1.4,0.012914489,1.019941261,0.27130554,0.162979264,0.077455987
1.6,0.014099681,1.046611728,0.232479319,0.148564827,0.057470072
1.8,0.008584414,1.1047452,0.196244302,0.115196097,0.037538875
2,0.005183768,1.096026028,0.166442429,0.095058106,0.026869993
2.2,0.003085017,1.108194332,0.138651556,0.081996003,0.018284912
2.6,0.001990097,1.122396393,0.110531009,0.06614996,0.011696673
3,0.000961581,1.118338016,0.093639719,0.054676671,0.008221447
3.4,0.000519306,1.127562797,0.080482819,0.045709775,0.005973163
3.8,0.000626558,1.172830223,0.079892685,0.040032818,0.004720788
4.2,0.000206418,1.129849499,0.062577515,0.030962322,0.004780275
4.6,0.000110206,1.124118144,0.055933382,0.028267336,0.002861831
4.9,3.94E-05,1.104544922,0.05180229,0.024855517,0.002467628
0.06,0.021772992,0.591435046,0.413296659,0.228706137,0.227351454
0.1,0.026519413,0.553143068,0.430124807,0.248627963,0.221117348
0.14,0.028208018,0.589945365,0.40722142,0.261439492,0.212816651
0.18,0.034488328,0.546017277,0.431014445,0.270973848,0.225854005
0.24,0.028332184,0.62290674,0.39285932,0.248586899,0.19125924
0.3,0.038109293,0.526619546,0.377894499,0.266178612,0.179902863
0.4,0.034591835,0.58891412,0.381030994,0.261961636,0.18054277
0.5,0.04197873,0.630234404,0.382673067,0.251252086,0.170467105
0.6,0.037169604,0.625462248,0.381379303,0.239633577,0.163639106
0.7,0.035894147,0.718173641,0.360631307,0.226738056,0.140508661
0.8,0.037934833,0.766712715,0.360753129,0.230181286,0.145247822
0.9,0.032268997,0.794630265,0.357467534,0.229074489,0.151303388
1,0.02864471,0.813273051,0.336006041,0.212781382,0.131308379
1.2,0.030121364,0.928577461,0.327170259,0.193448687,0.10841032
1.4,0.016976118,0.958438832,0.282651404,0.162660249,0.081071449
1.6,0.012262493,1.018755725,0.249021869,0.138607024,0.061822992
1.8,0.011129344,1.003773834,0.230498628,0.131900076,0.051537363
2,0.007948877,1.069569861,0.190393916,0.11183933,0.034258852
2.2,0.002973389,1.092520465,0.136017552,0.082062668,0.019234745
2.6,0.002329755,1.101725208,0.118689274,0.067651687,0.012873086
3,0.000796606,1.093022265,0.098002177,0.053121476,0.008650357
3.4,0.000711199,1.077278643,0.086238036,0.044882077,0.006433798
3.8,0.000395887,1.076505558,0.092729025,0.03870693,0.005651579
4.2,5.36E-05,1.080379199,0.069659564,0.034302237,0.004330354
4.6,-2.29E-05,1.088016854,0.058772192,0.028360771,0.003037824
4.9,1.34E-05,1.082422371,0.055125712,0.025461455,0.002703513
0.06,0.020061682,0.768854238,0.396175956,0.217118426,0.195042334
0.1,0.020878485,0.76965347,0.402700762,0.216585783,0.195350088
0.14,0.023644783,0.751995591,0.384640331,0.212577422,0.172599229
0.18,0.019154211,0.757901896,0.390081092,0.235779274,0.186461443
0.24,0.02948256,0.712042009,0.372768383,0.230316146,0.169471381
0.3,0.018380645,0.685637703,0.334434949,0.21771712,0.146023516
0.4,0.025215065,0.758859092,0.369375103,0.22760181,0.159619724
0.5,0.031565734,0.752870134,0.36193081,0.231721104,0.151260226
0.6,0.030872929,0.749614289,0.341514204,0.217641467,0.129557176
0.7,0.02796025,0.774685062,0.318656859,0.208588466,0.122519643
0.8,0.034734648,0.790413667,0.343845085,0.222173066,0.132729972
0.9,0.03126057,0.813439454,0.350919486,0.204087159,0.129289043
1,0.031965972,0.841491002,0.334452735,0.209115578,0.116158752
1.2,0.025087066,0.903318529,0.314965854,0.183181987,0.098934821
1.4,0.020902372,0.950844151,0.282138971,0.166704053,0.08155386
1.6,0.012424736,1.004183996,0.237320831,0.135495932,0.058698077
1.8,0.01044364,1.010400077,0.20780548,0.125406581,0.04442904
2,0.007354593,1.046785018,0.18752151,0.108969936,0.034853446
2.2,0.004097444,1.065002641,0.147302847,0.08914506,0.022561003
2.6,0.00189997,1.074750641,0.110650212,0.065948901,0.01162415
3,0.001299335,1.077620508,0.090669329,0.052582879,0.007664191
3.4,0.00048902,1.062722396,0.070601361,0.042288191,0.004775082
3.8,0.000347904,1.043941592,0.065418702,0.034524738,0.004760901
4.2,0.000158967,1.055221541,0.05584375,0.028674433,0.002991787
4.6,7.10E-05,1.054018613,0.051155275,0.024847869,0.002288433
4.9,7.66E-05,1.045181778,0.048604503,0.022264898,0.002049018
0.06,-0.000348474,-0.31371853,0.352280824,0.117453286,0.105712207
0.1,0.000165969,-0.290510423,0.316900386,0.116886353,0.090858702
0.14,0.000399593,-0.283939611,0.31831643,0.129343819,0.091822317
0.18,0.005635908,-0.214681197,0.311095675,0.135249825,0.090913354
0.24,0.0003705,-0.248417251,0.291593972,0.122465305,0.083713022
0.3,0.006391888,-0.119677226,0.300175516,0.132800471,0.086966545
0.4,0.010229232,-0.060937875,0.299256166,0.14660345,0.090379284
0.5,0.011545244,-0.006030117,0.303731474,0.156363232,0.09367334
0.6,0.007426416,0.02597607,0.297117467,0.147530948,0.093200946
0.7,0.02015966,0.234605141,0.348145589,0.179533495,0.133017898
0.8,0.022338088,0.270489469,0.365257493,0.188820387,0.144754485
0.9,0.032585588,0.466996589,0.382992395,0.199545693,0.155814162
1,0.033044546,0.606123499,0.395761917,0.19030628,0.163155638
1.2,0.026852256,0.9860567,0.359313531,0.165201766,0.13010727
1.4,0.007609679,1.234091796,0.217556329,0.124710205,0.058477771
1.6,0.003869982,1.259538523,0.161413535,0.100063076,0.031546396
1.8,0.003182772,1.23847791,0.146831984,0.085927489,0.024131198
2,0.002496074,1.204202589,0.121706447,0.071795147,0.016660232
2.2,0.003241804,1.236187621,0.119652734,0.07234941,0.015591688
2.6,0.001914776,1.206669827,0.093597951,0.05852213,0.009808272
3,0.001828302,1.172511182,0.087469638,0.053355769,0.008003171
3.4,-0.001004157,1.224481528,0.103839324,0.055104758,0.008879148
3.8,0.000871359,1.149252035,0.066513877,0.038658816,0.006266935
4.2,0.000515446,1.120666316,0.057628038,0.031307117,0.003390211
4.6,0.000366669,1.111803817,0.049792135,0.026945136,0.002582761
4.9,0.000227102,1.117825959,0.046243524,0.024900942,0.00234688
0.06,0.011600291,-0.347994177,0.389914832,0.175024644,0.149633777
0.1,0.018509563,-0.310010943,0.389261393,0.199223372,0.156184446
0.14,0.016625328,-0.21377391,0.389340208,0.174247162,0.159997014
0.18,0.017679843,-0.194612261,0.394894959,0.197655293,0.153074515
0.24,0.02268617,-0.1684647,0.393059822,0.199691653,0.151173799
0.3,0.024825531,-0.090598239,0.398691366,0.202692311,0.155004729
0.4,0.02682564,0.011324767,0.404508593,0.19399315,0.15465272
0.5,0.026036658,0.100211421,0.367616939,0.198216567,0.146739237
0.6,0.03551158,0.179499238,0.403217153,0.208899227,0.157883726
0.7,0.031656203,0.335816583,0.381056056,0.208160107,0.150570284
0.8,0.029633744,0.509095057,0.372645227,0.209276211,0.150034087
0.9,0.032783544,0.583290297,0.387397357,0.216143561,0.164729896
1,0.029475677,0.718539595,0.354138432,0.197269655,0.143452627
1.2,0.024815245,0.974071587,0.336129198,0.177225668,0.119173506
1.4,0.010934629,1.186284364,0.257884646,0.13622993,0.072056599
1.6,0.005825382,1.238562227,0.203671688,0.110210225,0.044192055
1.8,0.00321364,1.242825083,0.155077771,0.090765757,0.026287486
2,0.002661862,1.219278472,0.136401266,0.075970895,0.020072901
2.2,0.002526794,1.242274384,0.118122585,0.070806155,0.021548335
2.6,0.00210326,1.207995951,0.099457183,0.057912165,0.014218883
3,0.001514116,1.186477381,0.084046123,0.050243906,0.007640045
3.4,0.001013868,1.16822087,0.072426715,0.043221403,0.005549851
3.8,0.001165704,1.210807994,0.074926242,0.038332035,0.007272295
4.2,0.000561803,1.130753538,0.059118637,0.032245462,0.00368276
4.6,0.00037339,1.123099332,0.049040808,0.026822173,0.002512201
4.9,0.000208456,1.124171565,0.04397057,0.023639645,0.002080751
0.06,0.024539637,-0.331881143,0.467659622,0.207252356,0.216282011
0.1,0.022844129,-0.226970503,0.468727647,0.218339574,0.23167013
0.14,0.03250113,-0.251970489,0.428320505,0.228080659,0.210109183
0.18,0.031259113,-0.223204541,0.424397423,0.224791278,0.187439622
0.24,0.03856649,-0.110360822,0.432003108,0.241134768,0.198065719
0.3,0.03826511,-0.02970526,0.399908192,0.237460964,0.175492768
0.4,0.035889076,0.051063788,0.383294164,0.233731393,0.180004123
0.5,0.042529891,0.138974537,0.394309012,0.232411432,0.161750952
0.6,0.038628872,0.348171508,0.383329527,0.231482497,0.152902019
0.7,0.050092491,0.360677394,0.412135927,0.253710683,0.174114917
0.8,0.035411714,0.522910502,0.357836626,0.227991645,0.143400709
0.9,0.035534527,0.641802243,0.372778471,0.230706851,0.157862346
1,0.029432647,0.707385268,0.353218156,0.205901392,0.135241366
1.2,0.021701198,0.961816067,0.313801457,0.177775753,0.105674513
1.4,0.014673516,1.122365603,0.257536531,0.147362282,0.070191612
1.6,0.007756023,1.210190363,0.197637752,0.122034028,0.042494238
1.8,0.004146489,1.257047421,0.149254525,0.101709655,0.025220075
2,0.002751914,1.217671422,0.130585646,0.077099072,0.02766922
2.2,0.00239863,1.2407876,0.116140104,0.069024807,0.023667608
2.6,0.00177657,1.213619164,0.094025744,0.056173985,0.012059821
3,0.001174348,1.206250506,0.078208178,0.046456633,0.007225997
3.4,0.000965261,1.18337187,0.068783761,0.040378397,0.00500734
3.8,0.000499738,1.15654559,0.060481087,0.032381355,0.005073384
4.2,0.000348675,1.144615452,0.050148722,0.027064557,0.002796452
4.6,0.000207045,1.131895678,0.043147268,0.024595512,0.00211819
4.9,0.000182079,1.13103223,0.042608535,0.022816659,0.00198487
0.06,0.034958655,0.002375358,0.455039087,0.256394417,0.239256321
0.1,0.035705995,0.038321298,0.45625236,0.270092573,0.248885544
0.14,0.03890625,-0.003541062,0.437596675,0.25912864,0.223377571
0.18,0.047473709,0.089748622,0.452563969,0.265404155,0.236329912
0.24,0.048382785,0.182090103,0.453384054,0.265463353,0.225417206
0.3,0.047939749,0.181850236,0.443132143,0.276716828,0.2350189
0.4,0.055953654,0.260259857,0.427179802,0.283486808,0.278985163
0.5,0.049064698,0.34208614,0.440228979,0.252452733,0.209207216
0.6,0.040620092,0.436098067,0.416297951,0.244802018,0.188461746
0.7,0.037303526,0.579693103,0.383929532,0.227902164,0.156068422
0.8,0.046138017,0.635634733,0.413819355,0.25139797,0.180586186
0.9,0.036791801,0.695477086,0.361635831,0.230297853,0.14696307
1,0.031151205,0.72475177,0.346383104,0.212163007,0.129002496
1.2,0.019840788,0.933310642,0.290301252,0.175536694,0.089759606
1.4,0.014771135,1.019184866,0.266419469,0.149724767,0.06984587
1.6,0.010153483,1.05246934,0.216212147,0.13105539,0.047181833
1.8,0.00400841,1.108447959,0.16416734,0.096924957,0.027279172
2,0.003073454,1.078827894,0.146234297,0.083178458,0.020813037
2.2,0.002688112,1.133403693,0.129647912,0.075514462,0.016346006
2.6,0.001544437,1.111950249,0.101440439,0.06016807,0.010172582
3,0.001288378,1.113280434,0.083160577,0.050109727,0.007033941
3.4,0.000952081,1.106487166,0.071916072,0.041122388,0.005101544
3.8,0.000530341,1.105997516,0.062696113,0.036012378,0.00644535
4.2,0.000498407,1.081750403,0.057384421,0.031242115,0.003388528
4.6,0.000216239,1.079195828,0.046462932,0.025278934,0.002315538
4.9,0.000156887,1.077409646,0.043042807,0.02243306,0.00201152
0.06,0.028352981,0.264957983,0.433633536,0.245698274,0.21658143
0.1,0.034847345,0.190424591,0.440970596,0.263163882,0.229046443
0.14,0.03089763,0.269173541,0.411638563,0.254298178,0.200138184
0.18,0.041414291,0.317164169,0.428976918,0.257736901,0.20791671
0.24,0.034864978,0.328693686,0.399459552,0.265060392,0.20146727
0.3,0.044540521,0.336743118,0.420910238,0.263392441,0.236850292
0.4,0.043666824,0.406992118,0.421049612,0.255769072,0.194023036
0.5,0.033480921,0.503002416,0.392980806,0.240891275,0.173884822
0.6,0.042925323,0.554445257,0.389563143,0.236457071,0.164968349
0.7,0.035964476,0.679246977,0.393237547,0.22689476,0.159355303
0.8,0.037147079,0.682780125,0.379616708,0.230019261,0.155438801
0.9,0.032358198,0.706105183,0.358556582,0.213462942,0.139593692
1,0.027685255,0.803490178,0.331978677,0.195236576,0.115193663
1.2,0.017252097,0.903300471,0.29161355,0.163617603,0.086521251
1.4,0.012611525,0.982403324,0.246773854,0.149152876,0.064979524
1.6,0.011984436,1.026984751,0.230535921,0.134381791,0.071207558
1.8,0.005901529,1.071220885,0.166467125,0.102973178,0.028605165
2,0.003121012,1.071895592,0.142440663,0.079413134,0.019840731
2.2,0.002483626,1.095837268,0.129654981,0.078484613,0.016816046
2.6,0.001749424,1.091454432,0.104013958,0.062849575,0.010663444
3,0.001305048,1.094838923,0.088654485,0.052555489,0.00770129
3.4,0.001097096,1.087420615,0.077362185,0.043778724,0.005784521
3.8,0.000830898,1.093975252,0.069660029,0.036096827,0.009391398
4.2,0.000354408,1.069588078,0.058638512,0.030564348,0.003631229
4.6,0.000303157,1.062960611,0.053073874,0.027040245,0.002747298
4.9,0.000202602,1.0644923,0.045218874,0.024531872,0.002147034
0.06,0.019208741,0.516301772,0.39467652,0.215214561,0.199217887
0.1,0.024213796,0.538213075,0.397832906,0.226841663,0.202246561
0.14,0.026104192,0.515728891,0.387165444,0.230398485,0.179082038
0.18,0.024353281,0.55674335,0.390187411,0.228520067,0.184769845
0.24,0.027162979,0.532400337,0.36379755,0.239983753,0.167774468
0.3,0.026681421,0.512005052,0.371872671,0.246144939,0.164282148
0.4,0.034723549,0.553430864,0.369616276,0.236638027,0.163021568
0.5,0.039945371,0.617322368,0.384548099,0.237781148,0.163264031
0.6,0.0323939,0.621799131,0.365031658,0.220237851,0.146416758
0.7,0.033452366,0.723164206,0.374540601,0.22740007,0.152295179
0.8,0.035042911,0.739483895,0.360052295,0.218630661,0.139422148
0.9,0.028762482,0.729232898,0.33455652,0.200871665,0.11553024
1,0.027252916,0.77436625,0.312382563,0.18708958,0.102737909
1.2,0.025254709,0.852795167,0.298555898,0.184983296,0.09538415
1.4,0.015538544,0.910247845,0.264099492,0.152596443,0.071342256
1.6,0.010284615,0.992450579,0.219313402,0.124155593,0.067321816
1.8,0.00726292,1.012437629,0.194892577,0.1094153,0.037390934
2,0.004282441,1.00330545,0.1736424,0.092309602,0.029079305
2.2,0.003188455,1.041199389,0.157091566,0.082926619,0.023225951
2.6,0.001962927,1.056440418,0.12214385,0.066228665,0.014547872
3,0.001348568,1.070560322,0.102905874,0.05576283,0.010414664
3.4,0.000907625,1.06010317,0.089263604,0.044720703,0.007894127
3.8,0.000706588,1.060898431,0.074874573,0.037751547,0.013489606
4.2,0.000378667,1.048577462,0.063764888,0.030806526,0.004903032
4.6,0.000288202,1.040704679,0.057332023,0.028411794,0.004126547
4.9,0.000190127,1.044291676,0.051584289,0.02409551,0.003440671
0.06,0.021284483,0.707322779,0.388635917,0.196883679,0.182223532
0.1,0.01817239,0.687302289,0.375689031,0.1979653,0.167303208
0.14,0.018519731,0.712619809,0.375086108,0.198440539,0.159851678
0.18,0.018932602,0.664071284,0.352408112,0.209541879,0.156328239
0.24,0.017491648,0.689902201,0.351901615,0.209612289,0.151435241
0.3,0.02189347,0.700581157,0.357879922,0.215204405,0.177931224
0.4,0.022569888,0.687649139,0.36407263,0.215343706,0.149887571
0.5,0.023239296,0.717670755,0.334302733,0.214341421,0.139101701
0.6,0.021655098,0.711790257,0.34060891,0.205738828,0.130171316
0.7,0.025591587,0.739584465,0.346570311,0.206452957,0.169390376
0.8,0.030055643,0.778984958,0.355834804,0.204448338,0.130495193
0.9,0.023877875,0.772298946,0.306506069,0.196138962,0.108690211
1,0.021643752,0.784816952,0.303313372,0.177452569,0.096255071
1.2,0.019378001,0.861674392,0.288826123,0.169527789,0.085764247
1.4,0.018833063,0.933126657,0.263469691,0.153689851,0.069347934
1.6,0.01220472,0.925213675,0.236515304,0.132619781,0.07671684
1.8,0.009107058,0.947381467,0.206059453,0.117069435,0.043072012
2,0.004845731,0.988920669,0.162682297,0.093063554,0.027972729
2.2,0.004798521,1.0216071,0.158369504,0.088324013,0.024198556
2.6,0.002632202,1.040926133,0.118562655,0.067044666,0.013993337
3,0.001398402,1.051874577,0.096503494,0.055050414,0.008889531
3.4,0.001071651,1.039498664,0.085902599,0.047737965,0.006915278
3.8,0.000679975,1.035072384,0.073332584,0.038677308,0.005365858
4.2,0.000762171,1.027335405,0.067180397,0.035388148,0.004312665
4.6,0.000428551,1.03505905,0.052807661,0.028807168,0.002825814
4.9,0.000314761,1.034171183,0.048239337,0.026925064,0.002437825
0.0375,0.00035221,-0.37238578,0.359298183,0.124900643,0.116970739
0.0625,0.002461622,-0.352214495,0.399530037,0.134804772,0.145049273
0.0875,0.00245146,-0.284112966,0.364407403,0.13839313,0.114445998
0.1125,0.000999369,-0.421224485,0.32513084,0.129415919,0.098362027
0.15,0.004087263,-0.42828376,0.371412549,0.151807312,0.12394482
0.1875,-0.004355194,-0.330631652,0.371208025,0.147040058,0.11566177
0.25,0.002174935,-0.292335526,0.344600045,0.151753027,0.119520856
0.3125,0.00530532,-0.339799134,0.311738411,0.154115373,0.094654676
0.375,0.008834126,-0.271243314,0.324595473,0.16673562,0.102652413
0.4375,0.0104599,-0.215580213,0.334548098,0.174555685,0.110858234
0.5,0.010707485,-0.012879279,0.316796231,0.16478629,0.103005749
0.5625,0.013298154,-0.142520354,0.355710198,0.186037194,0.123214598
0.625,0.015388743,-0.117130366,0.349357304,0.187030193,0.153340739
0.75,0.022688479,0.117303133,0.358624904,0.213397782,0.142098687
0.875,0.029422648,0.298231827,0.382066489,0.238138106,0.161230063
1,0.042210933,0.52754942,0.409477548,0.256403565,0.186578542
1.125,0.045933366,0.824125655,0.441659948,0.237815749,0.197565673
1.25,0.034035129,1.032141814,0.380964444,0.204283362,0.151443866
1.375,0.015619561,1.316438943,0.291381424,0.158478675,0.09654899
1.625,0.004688079,1.367900265,0.178782668,0.114277996,0.039550557
1.875,0.003071122,1.383545861,0.135983775,0.079228907,0.019800709
2.125,0.00229608,1.372506462,0.108721725,0.05839597,0.012198835
2.375,0.001501295,1.367221089,0.091234478,0.04660751,0.010130883
2.625,0.000718869,1.395318686,0.096423508,0.042496157,0.011539969
2.875,0.00037889,1.379081443,0.058646535,0.032953697,0.003958469
3.0625,0.000319483,1.384466839,0.056994007,0.028845802,0.003636807
0.0375,0.010575979,-0.644535114,0.430615134,0.191799302,0.181043993
0.0625,0.016559985,-0.684333373,0.394016056,0.1899329,0.167343952
0.0875,0.020149101,-0.599518624,0.395328556,0.195677934,0.162557698
0.1125,0.014243402,-0.540382801,0.412191841,0.196881035,0.170168765
0.15,0.017580494,-0.530851517,0.41043187,0.210104197,0.177047102
0.1875,0.021129449,-0.50769547,0.402137662,0.200876195,0.199472543
0.25,0.039407941,-0.324057715,0.460789924,0.240312413,0.202125273
0.3125,0.024733774,-0.304125292,0.408472194,0.224806114,0.168975691
0.375,0.027783443,-0.263492941,0.433236339,0.23083783,0.184998558
0.4375,0.035450826,-0.157201637,0.43150245,0.252504188,0.202500843
0.5,0.029546566,-0.068074578,0.432406018,0.248201211,0.181612062
0.5625,0.035823475,0.032326786,0.433795108,0.254473514,0.184421092
0.625,0.032236202,0.196644682,0.412422361,0.257966989,0.191649245
0.75,0.037357255,0.230446677,0.417264406,0.26366212,0.192465324
0.875,0.039634876,0.450446504,0.429481006,0.270031459,0.207054975
1,0.038390016,0.609933238,0.434231056,0.262310889,0.210774558
1.125,0.042179754,0.800348619,0.418955654,0.260163747,0.186159258
1.25,0.033897098,1.047529291,0.357101664,0.230123279,0.140094568
1.375,0.024103715,1.224376613,0.293641727,0.192987546,0.094822114
1.625,0.007330705,1.378633615,0.189273091,0.12867137,0.039962523
1.875,0.003384101,1.394678341,0.133633986,0.093011098,0.020284653
2.125,0.001453717,1.394054607,0.096347678,0.069124519,0.011089124
2.375,0.001150333,1.386976485,0.091261331,0.0504593,0.01084836
2.625,0.000820991,1.4112102,0.076069702,0.043566129,0.006361811
2.875,0.000409529,1.402787781,0.066632773,0.035077202,0.00517323
3.0625,0.000332405,1.407352129,0.06677971,0.032543117,0.005034805
0.0375,0.019399974,-0.647097752,0.433721932,0.231314187,0.225237188
0.0625,0.027788335,-0.578959243,0.44931957,0.232871506,0.221358265
0.0875,0.024933671,-0.548878541,0.429064284,0.221039963,0.202202696
0.1125,0.030368704,-0.515790997,0.418622967,0.227982466,0.1873005
0.15,0.026900678,-0.522430206,0.418200003,0.244155939,0.201397764
0.1875,0.039029264,-0.37296102,0.429487671,0.254374617,0.227990561
0.25,0.041369491,-0.325463858,0.445485344,0.278730675,0.261453316
0.3125,0.046237829,-0.264650493,0.456976168,0.277886799,0.230798632
0.375,0.040100068,-0.235950827,0.462986104,0.272127013,0.220371879
0.4375,0.053186201,-0.088326964,0.464874361,0.284197906,0.237313301
0.5,0.044325018,-0.025809904,0.472198819,0.301008844,0.247208179
0.5625,0.046474599,0.03639038,0.469952851,0.288484579,0.239563158
0.625,0.047041638,0.1050579,0.454567271,0.300042927,0.230781189
0.75,0.046442165,0.35625534,0.462424631,0.278760065,0.238866264
0.875,0.05488626,0.507293061,0.478510353,0.2772871,0.226034734
1,0.046990927,0.706057201,0.43575554,0.272530975,0.200723835
1.125,0.041922868,0.810398996,0.419113998,0.251426319,0.182549215
1.25,0.030977327,1.010138208,0.367594005,0.228878838,0.150067806
1.375,0.021124426,1.213881448,0.311528459,0.194144612,0.103527735
1.625,0.010776318,1.308567557,0.219437578,0.147556022,0.052360326
1.875,0.00456209,1.359006875,0.158806568,0.105509925,0.02639927
2.125,0.001370807,1.379170979,0.108726103,0.073126908,0.013124848
2.375,0.001189527,1.384306631,0.089705096,0.060048912,0.008990486
2.625,0.000738463,1.406892528,0.080947802,0.048563232,0.007264288
2.875,0.000435342,1.403617979,0.073491415,0.039189234,0.005833059
3.0625,0.000348494,1.399977116,0.068473683,0.034269273,0.005272304
0.0375,0.010654344,-0.170131543,0.498433543,0.233220858,0.285620667
0.0625,0.01981027,-0.195833017,0.492212409,0.225935382,0.297293927
0.0875,0.020768068,-0.14705035,0.469727689,0.242938973,0.289207412
0.1125,0.023687769,-0.156787243,0.458144685,0.244082517,0.252375357
0.15,0.023852591,-0.18479614,0.445024451,0.273724289,0.251490872
0.1875,0.029274003,-0.021994454,0.462879911,0.283665107,0.262631386
0.25,0.044351002,-0.008603615,0.46520174,0.311830951,0.277575707
0.3125,0.051827557,0.021844643,0.431358637,0.309683363,0.224571265
0.375,0.048419449,0.037002755,0.436639533,0.305586981,0.221377437
0.4375,0.05531671,0.065122919,0.454334844,0.33326076,0.245050241
0.5,0.05831637,0.200841696,0.467420954,0.328540056,0.259451572
0.5625,0.064790791,0.197700117,0.479388332,0.324077326,0.254973828
0.625,0.072176018,0.324901492,0.499155377,0.332445607,0.282880214
0.75,0.059300568,0.439699762,0.491003265,0.310725614,0.276097147
0.875,0.063424342,0.613249891,0.481857462,0.314111743,0.259389908
1,0.061983287,0.688746009,0.477843163,0.295170651,0.234435464
1.125,0.05441878,0.802435853,0.445246192,0.27057962,0.197298496
1.25,0.047016961,0.912167656,0.408243837,0.251462471,0.168825887
1.375,0.04159141,1.034627813,0.395871021,0.245630179,0.155325234
1.625,0.013900402,1.255028963,0.26469877,0.1629555,0.071808346
1.875,0.007188113,1.34105532,0.195687828,0.134028648,0.041850036
2.125,0.002847334,1.401350669,0.127510302,0.088791544,0.01749929
2.375,0.001477749,1.420833805,0.110302002,0.068756499,0.013374396
2.625,0.000824488,1.44848851,0.089050319,0.054570879,0.008306148
2.875,0.000410961,1.456128939,0.076468521,0.040481218,0.005982008
3.0625,0.000329077,1.466321614,0.070456089,0.034878509,0.005327803
0.0375,0.02294046,0.132442244,0.461179786,0.246176021,0.271014888
0.0625,0.017443377,0.147718751,0.478608886,0.252580962,0.276710173
0.0875,0.024446149,0.146226371,0.457912312,0.254877988,0.259903643
0.1125,0.025526207,0.176312095,0.449766377,0.269565473,0.25507841
0.15,0.025470195,0.157157198,0.440671004,0.300871622,0.269544258
0.1875,0.039940389,0.197952492,0.437473794,0.285450628,0.240359881
0.25,0.032194409,0.234878961,0.429556842,0.282259028,0.229855864
0.3125,0.042039709,0.243350866,0.416682699,0.298783243,0.228774462
0.375,0.05340291,0.2789298,0.483797094,0.309481528,0.252212522
0.4375,0.050157097,0.352289434,0.442631646,0.314321443,0.245077122
0.5,0.051337407,0.354333567,0.452634134,0.297249251,0.233590815
0.5625,0.04960464,0.312538603,0.418287062,0.277660248,0.202276846
0.625,0.04950426,0.39430819,0.429853722,0.284921801,0.220411713
0.75,0.059655643,0.522476188,0.464262172,0.290048153,0.220425823
0.875,0.052679757,0.600480717,0.443605688,0.279571791,0.210270939
1,0.051209322,0.600659161,0.441431043,0.273658232,0.201369861
1.125,0.045658925,0.741491069,0.410462207,0.250476413,0.170163126
1.25,0.028985043,0.875856127,0.366217521,0.210568026,0.140631201
1.375,0.0271312,0.952057591,0.34967759,0.203165992,0.11751995
1.625,0.015877783,1.04629564,0.270314659,0.161669547,0.070724093
1.875,0.005675784,1.156932859,0.187707899,0.116322661,0.035445261
2.125,0.001909031,1.183143793,0.13161394,0.086525011,0.017973295
2.375,0.001517294,1.21021089,0.103579868,0.070814178,0.011294984
2.625,0.000827704,1.253798195,0.09421423,0.056388562,0.010106481
2.875,0.000274196,1.259894284,0.083537196,0.044705587,0.006543781
3.0625,0.000335597,1.266861586,0.07632936,0.036858905,0.005427147
0.0375,0.008742795,0.406891178,0.421787027,0.198099654,0.209436666
0.0625,0.020302745,0.455361342,0.456165175,0.213208462,0.231277566
0.0875,0.01720422,0.414705016,0.430800088,0.226095355,0.215322684
0.1125,0.016862981,0.437334448,0.420151442,0.227440719,0.217414844
0.15,0.026982119,0.525109875,0.465176238,0.244126056,0.246210539
0.1875,0.024374903,0.44712461,0.423495789,0.256575615,0.225639058
0.25,0.024337486,0.494017819,0.382688879,0.244387311,0.180373335
0.3125,0.029346901,0.437874634,0.385752738,0.246281018,0.182763073
0.375,0.032997915,0.518785387,0.409286426,0.268904301,0.20033052
0.4375,0.044073515,0.543924761,0.433204541,0.271874541,0.208970588
0.5,0.040090835,0.56158541,0.414339286,0.275012617,0.196993754
0.5625,0.041332909,0.525304509,0.392573226,0.266347571,0.182385719
0.625,0.037076179,0.558762716,0.408950947,0.261127868,0.191178446
0.75,0.034999515,0.640675236,0.402623239,0.240389744,0.172610958
0.875,0.03843233,0.697127536,0.376445376,0.23755207,0.156897599
1,0.033897101,0.739362969,0.377916415,0.220245407,0.151083834
1.125,0.034001327,0.766308039,0.362729024,0.219298822,0.138960477
1.25,0.028192274,0.822051368,0.352001366,0.218156922,0.131244556
1.375,0.024035085,0.913477083,0.341799418,0.195178045,0.115832398
1.625,0.017841173,0.978784716,0.29413505,0.165809705,0.083795426
1.875,0.009618369,1.059720178,0.239105269,0.136564561,0.056081289
2.125,0.004475316,1.105130219,0.1689563,0.103815845,0.028001156
2.375,0.00107548,1.135290186,0.147649073,0.077468851,0.02153623
2.625,0.000798812,1.197501206,0.129357941,0.069475628,0.017756621
2.875,0.000179067,1.21535486,0.105733998,0.050748632,0.010910841
3.0625,0.000236374,1.230120665,0.095732627,0.039745321,0.009524832
0.0375,0.017953763,0.643698835,0.409140863,0.198298534,0.208134883
0.0625,0.010798037,0.682867645,0.418268265,0.20022367,0.206028475
0.0875,0.009088476,0.583240602,0.386696419,0.201662115,0.185768103
0.1125,0.017227203,0.681941726,0.438203146,0.214999142,0.20665454
0.15,0.014580607,0.630938589,0.397093436,0.22817873,0.201694386
0.1875,0.023619636,0.63841693,0.407857515,0.224417145,0.185835739
0.25,0.018934818,0.681805704,0.395321623,0.237908382,0.188357462
0.3125,0.023507229,0.699763635,0.386941099,0.236809045,0.179371813
0.375,0.030155711,0.711904969,0.413434293,0.250413407,0.192221856
0.4375,0.02280019,0.728844457,0.391926353,0.244499859,0.175191755
0.5,0.032798463,0.623441741,0.391428765,0.243175943,0.177478562
0.5625,0.029836587,0.686962513,0.360782013,0.247185762,0.158860482
0.625,0.028636154,0.723751432,0.362750022,0.245361071,0.166608264
0.75,0.036152608,0.709897988,0.381571224,0.239310835,0.156777137
0.875,0.02420836,0.757013891,0.344404651,0.229667755,0.14446287
1,0.037045403,0.72658034,0.369061658,0.224194634,0.143731516
1.125,0.026632524,0.74683552,0.340231636,0.223403609,0.128831208
1.25,0.027852015,0.813199821,0.322764294,0.203806721,0.112676063
1.375,0.030503239,0.866336425,0.338346968,0.196360331,0.116990085
1.625,0.017233553,0.959245832,0.266136969,0.155313458,0.069476402
1.875,0.012614134,1.025866392,0.216093573,0.143202336,0.048644981
2.125,0.005204089,1.093607474,0.166795914,0.109501617,0.028407559
2.375,0.001821708,1.096315553,0.124025227,0.081652615,0.023230393
2.625,0.00163738,1.154806308,0.108213357,0.067806772,0.012210182
2.875,0.000617607,1.170632923,0.088908723,0.05379711,0.008071404
3.0625,0.000372579,1.188989474,0.079128852,0.038531095,0.006043108
0.0375,0.003928759,-0.271037482,0.39047633,0.137204268,0.132256113
0.0625,0.001891028,-0.271788124,0.38046663,0.12244933,0.121965753
0.0875,0.002402815,-0.313435732,0.358259679,0.133535464,0.109747574
0.1125,0.00500862,-0.329882049,0.340206334,0.127863445,0.106423455
0.15,0.005603317,-0.295023221,0.343024383,0.136744706,0.107751561
0.1875,0.004044854,-0.285133643,0.338368626,0.135069379,0.105269575
0.25,0.003764352,-0.238992571,0.327400787,0.143880223,0.11417005
0.3125,0.004182419,-0.26194491,0.309984557,0.1419988,0.093046087
0.375,0.005341219,-0.246223821,0.3294443,0.154625088,0.101569126
0.4375,0.00874879,-0.167438302,0.325321231,0.165491009,0.101823178
0.5,0.007325982,-0.077526145,0.291919154,0.156180108,0.091332338
0.5625,0.010253911,0.01675677,0.304754611,0.167234601,0.09444624
0.625,0.00457407,0.060509816,0.323357306,0.150034395,0.119084699
0.75,0.013729484,0.183166272,0.314165996,0.1754043,0.105019235
0.875,0.023435255,0.345680155,0.364378597,0.19857246,0.138405492
1,0.047807199,0.598753942,0.430221571,0.239210863,0.116969868
1.125,0.045940275,0.835888966,0.431433653,0.226064386,0.184414993
1.25,0.036001789,1.141593118,0.378149195,0.198605328,0.13759231
1.375,0.014134714,1.298020879,0.263622024,0.15407916,0.076726133
1.625,0.003132337,1.376600213,0.150104942,0.106839998,0.02866
1.875,0.001358785,1.397440341,0.119103248,0.077033065,0.016467398
2.125,0.000507808,1.375396304,0.098208217,0.060021282,0.010804124
2.375,0.002490244,1.367844301,0.104247541,0.052122697,0.009697915
2.625,0.002006764,1.368029521,0.095515362,0.042450002,0.007720402
2.875,0.001384459,1.374461525,0.085693087,0.035195509,0.007573845
3.0625,0.001271496,1.375331487,0.083677245,0.033014028,0.006127262
0.0375,0.011138733,-0.61043318,0.429398985,0.175131079,0.181845836
0.0625,0.015126663,-0.51600673,0.420977598,0.185958356,0.172582399
0.0875,0.016440974,-0.455645919,0.414459512,0.19657995,0.17768691
0.1125,0.013423119,-0.534402124,0.394183798,0.194033639,0.156061663
0.15,0.027756418,-0.43988094,0.415119238,0.203746237,0.174939879
0.1875,0.017457648,-0.318314892,0.393665389,0.194464739,0.152534549
0.25,0.015468504,-0.358201218,0.394121311,0.203700331,0.154485339
0.3125,0.024887282,-0.229675502,0.422140325,0.215354821,0.175033256
0.375,0.026887339,-0.111627454,0.429270652,0.228681145,0.183003426
0.4375,0.023877776,-0.022690205,0.431478829,0.212918005,0.169928849
0.5,0.027278969,-0.020947082,0.416111726,0.220929113,0.175667163
0.5625,0.028733335,0.092438079,0.431590686,0.2210541,0.186583616
0.625,0.02935923,0.081671426,0.417935176,0.222566269,0.179995974
0.75,0.032949817,0.303871507,0.427755608,0.225967276,0.18549728
0.875,0.040305119,0.539311074,0.4283941,0.251446849,0.201972291
1,0.042810677,0.693191116,0.425139872,0.247132037,0.193066256
1.125,0.040349763,0.879310575,0.405765069,0.234848801,0.180266429
1.25,0.027224551,1.129767463,0.344907611,0.196425279,0.127130409
1.375,0.017984755,1.259621351,0.28916076,0.164269038,0.090990454
1.625,0.005385467,1.364606411,0.180977416,0.113231387,0.037585642
1.875,0.002339063,1.381161558,0.132120951,0.089226925,0.020434668
2.125,0.001505735,1.397034277,0.086707769,0.060703857,0.009012654
2.375,0.00090957,1.384189002,0.070500734,0.047511443,0.005630194
2.625,0.00069121,1.37281868,0.061795084,0.040311429,0.004298681
2.875,0.000401263,1.378419248,0.051935745,0.032314492,0.00535475
3.0625,0.000340658,1.379506299,0.050301405,0.02882242,0.002950245
0.0375,0.028152139,-0.583983791,0.47937815,0.222857268,0.239255774
0.0625,0.028396494,-0.559865956,0.45691351,0.225861323,0.226605307
0.0875,0.033913143,-0.400497561,0.458080916,0.236154899,0.224935808
0.1125,0.028698517,-0.502291418,0.441081524,0.231311912,0.211500237
0.15,0.034154385,-0.401685125,0.447849406,0.248687484,0.213705779
0.1875,0.029407385,-0.397836896,0.432745729,0.237974281,0.199212086
0.25,0.033489826,-0.294299403,0.454537236,0.249795532,0.216295616
0.3125,0.031657612,-0.238387363,0.470134738,0.249314029,0.228801375
0.375,0.041848954,-0.166945883,0.449531734,0.268703298,0.220360688
0.4375,0.038060622,-0.052980281,0.471021984,0.265293774,0.235628542
0.5,0.04598572,0.000106271,0.4776062,0.25496689,0.225513958
0.5625,0.042356403,0.10739666,0.464870711,0.260696183,0.225304067
0.625,0.037953329,0.239507527,0.466531462,0.250150241,0.228960201
0.75,0.037377675,0.31246941,0.477021174,0.242348003,0.227162341
0.875,0.057954012,0.552714015,0.484820215,0.286162204,0.24334022
1,0.044622702,0.664187747,0.431899697,0.261394787,0.206278547
1.125,0.041198233,0.887054345,0.407197118,0.244129555,0.184736495
1.25,0.03527492,1.034584793,0.363656789,0.219206676,0.137263898
1.375,0.019500723,1.208278336,0.275454247,0.176515191,0.08198138
1.625,0.005844402,1.357415866,0.167217361,0.118473427,0.032625721
1.875,0.002723178,1.391112204,0.116349124,0.085515955,0.016159752
2.125,0.001380907,1.368103095,0.093806072,0.064379819,0.01027739
2.375,0.000958867,1.371459736,0.084464253,0.055303097,0.007648449
2.625,0.000448645,1.366549496,0.069482858,0.041292021,0.005063048
2.875,0.000323499,1.364204456,0.064345787,0.035949996,0.004292535
3.0625,0.000376221,1.375547162,0.055629617,0.029796227,0.00351574
0.0375,0.011709473,-0.16557317,0.398160359,0.174606913,0.219643087
0.0625,0.019121671,-0.149632302,0.422415345,0.19145543,0.217487919
0.0875,0.014885325,-0.184008382,0.357138723,0.213844324,0.174039957
0.1125,0.023232291,-0.08287724,0.421995968,0.223224011,0.218318371
0.15,0.022305212,-0.030682975,0.417582818,0.263760289,0.224814424
0.1875,0.019749388,-0.022873271,0.401439799,0.248205279,0.205259726
0.25,0.029904318,-0.038738514,0.387925293,0.251880678,0.180254758
0.3125,0.029317849,0.00456677,0.390909365,0.265291238,0.183547203
0.375,0.049110127,0.180503201,0.458592247,0.311421498,0.243545758
0.4375,0.054173851,0.249621417,0.44236276,0.312943937,0.225739866
0.5,0.050129991,0.247800517,0.427625832,0.293870836,0.210173582
0.5625,0.065182841,0.101466658,0.45501526,0.133867821,0.204583969
0.625,0.056708362,0.340698,0.456815498,0.285991783,0.22574124
0.75,0.062104339,0.444493735,0.459234697,0.295154898,0.228514064
0.875,0.05691509,0.594126796,0.454340836,0.275279806,0.217533177
1,0.050563814,0.664598833,0.424721364,0.262246963,0.185681167
1.125,0.041973286,0.851754158,0.402911547,0.244376846,0.167229735
1.25,0.035029348,0.920733859,0.37172936,0.224985053,0.146175288
1.375,0.026427202,0.982464961,0.341626108,0.199128981,0.118046253
1.625,0.008932156,1.145869454,0.22680312,0.147012293,0.05707302
1.875,0.004907199,1.237324226,0.161866759,0.106700368,0.027593571
2.125,0.002542078,1.258868353,0.123481585,0.081197093,0.016036847
2.375,0.002008558,1.269258185,0.115028824,0.066914497,0.012640765
2.625,0.001080578,1.290210189,0.102940089,0.05436113,0.008698602
2.875,0.000307545,1.307996101,0.087232379,0.044602062,0.007008915
3.0625,6.06E-05,1.32199321,0.079183794,0.03692184,0.006006806
0.0375,0.021028342,0.107235014,0.464882438,0.236223535,0.251218223
0.0625,0.022345709,0.159329186,0.433798886,0.253187795,0.237979877
0.0875,0.024337056,0.103955263,0.412547656,0.233843205,0.208180505
0.1125,0.026682294,0.205546027,0.421982144,0.262581769,0.234876523
0.15,0.018686913,0.191306885,0.416252808,0.251575793,0.220697403
0.1875,0.041142646,0.222222538,0.454672926,0.277453187,0.233938633
0.25,0.037820232,0.275833097,0.456227894,0.295792919,0.256179704
0.3125,0.043977451,0.309487914,0.44714895,0.293179967,0.246500375
0.375,0.039149486,0.331158563,0.448258208,0.286748334,0.242501367
0.4375,0.048210642,0.385442136,0.4445805,0.279268231,0.220784189
0.5,0.059463417,0.437375856,0.457458555,0.311398704,0.250112961
0.5625,0.060750022,0.499454495,0.477947086,0.299406472,0.243955901
0.625,0.057114635,0.518710418,0.438492231,0.29588118,0.221826137
0.75,0.049416596,0.548417315,0.450686502,0.265176115,0.212033348
0.875,0.04347442,0.692154418,0.437013341,0.261221969,0.196713184
1,0.042097324,0.698482765,0.444925436,0.223570534,0.196316576
1.125,0.039422804,0.841327,0.390381903,0.231450186,0.159371403
1.25,0.032275487,0.919365223,0.357261477,0.21589725,0.131884472
1.375,0.022651192,0.973793823,0.328931939,0.195219303,0.10906513
1.625,0.011769991,1.089456282,0.247220177,0.139615115,0.06030439
1.875,0.006147946,1.166594454,0.176869496,0.108914868,0.030033145
2.125,0.003198789,1.196959525,0.130018692,0.082161925,0.016877411
2.375,0.000943148,1.232846458,0.131873045,0.07201294,0.015656735
2.625,0.001194794,1.226053865,0.099371918,0.051029226,0.010159199
2.875,0.000658372,1.222483879,0.080286988,0.037305289,0.006559191
3.0625,0.000224758,1.226469354,0.075743697,0.034057452,0.005897839
0.0375,0.009816474,0.46969465,0.460996472,0.214419998,0.250822548
0.0625,0.013636218,0.484358507,0.443690423,0.226869658,0.234280382
0.0875,0.023555261,0.433503055,0.47508423,0.224674219,0.251507167
0.1125,0.018270271,0.464439924,0.437844403,0.225271435,0.223346498
0.15,0.024029243,0.482095872,0.400209354,0.231190859,0.198385641
0.1875,0.023145833,0.482797969,0.412504881,0.245455161,0.205864828
0.25,0.026735984,0.499835423,0.4052427,0.248051327,0.201363131
0.3125,0.025610837,0.503189671,0.397275788,0.252061803,0.189877473
0.375,0.032665547,0.538950895,0.420195208,0.249109969,0.191335001
0.4375,0.029770803,0.540641605,0.414355842,0.24964721,0.193134642
0.5,0.028793151,0.56633877,0.381948532,0.243932804,0.17392147
0.5625,0.035429048,0.590669143,0.407586612,0.260179741,0.190167933
0.625,0.040580132,0.594541707,0.408077832,0.264853174,0.187837534
0.75,0.038067157,0.604909948,0.397647221,0.247102986,0.173891118
0.875,0.03922728,0.699684413,0.392465311,0.240332291,0.170331662
1,0.037380455,0.774003769,0.383675049,0.22631782,0.187262609
1.125,0.033711889,0.834128391,0.37779731,0.210647637,0.140528825
1.25,0.024751737,0.904431244,0.355028046,0.182868865,0.121712494
1.375,0.025261542,0.941845751,0.333798254,0.192945227,0.109755648
1.625,0.014221488,1.025351896,0.252143563,0.153938243,0.066366632
1.875,0.007453561,1.108177783,0.199325393,0.123655171,0.042380293
2.125,0.004002385,1.149138397,0.158802187,0.095697997,0.025494595
2.375,0.002620233,1.155041179,0.13686042,0.073909802,0.019267798
2.625,0.001513482,1.173791517,0.117166673,0.058037118,0.013367631
2.875,0.001044306,1.195771842,0.092063063,0.043980727,0.008650679
3.0625,0.000494055,1.205024289,0.085897991,0.036013782,0.007633937
0.0375,0.015747563,0.750243661,0.443629291,0.196017361,0.22364483
0.0625,0.020668778,0.700793543,0.415871878,0.202695954,0.211528076
0.0875,0.018646644,0.70935022,0.417400526,0.207583567,0.212922658
0.1125,0.017673743,0.648671575,0.397608323,0.215934057,0.190143554
0.15,0.018695279,0.653631367,0.404074065,0.214476848,0.190096317
0.1875,0.018407254,0.61028861,0.374970226,0.213276116,0.1697269
0.25,0.024285408,0.639261772,0.388530293,0.224815902,0.178347812
0.3125,0.026457911,0.643109384,0.395215757,0.242856648,0.181474776
0.375,0.023176444,0.67886483,0.39196601,0.249298351,0.17859184
0.4375,0.032858296,0.656957674,0.387904051,0.244181024,0.176096526
0.5,0.031259052,0.661746449,0.366758656,0.260164447,0.171852704
0.5625,0.032855504,0.682926397,0.376282237,0.253732589,0.164862432
0.625,0.035277464,0.685311659,0.371707473,0.245868873,0.161020793
0.75,0.034712025,0.712246602,0.358834482,0.23158111,0.142759577
0.875,0.033581542,0.741312799,0.363870743,0.236098151,0.150294915
1,0.034040914,0.726338795,0.353257168,0.224848384,0.134467332
1.125,0.029391893,0.859901127,0.340796888,0.218522518,0.130191599
1.25,0.036910308,0.877352509,0.358768418,0.208259732,0.126321603
1.375,0.024756401,0.90875371,0.31835705,0.18843528,0.102643164
1.625,0.018406509,0.962178498,0.278886632,0.167356931,0.080009765
1.875,0.011721314,1.056658445,0.226043493,0.134645613,0.051975379
2.125,0.00677561,1.080890435,0.174992138,0.108407425,0.029934147
2.375,0.00220493,1.123582563,0.124535728,0.081377526,0.016945309
2.625,0.001106381,1.148611931,0.109622359,0.06021412,0.011087516
2.875,0.000566659,1.159893803,0.077289545,0.043603019,0.006157227
3.0625,0.000344178,1.156128883,0.076534746,0.038832922,0.005635233