CustID,Zip_Code,Gender,Income_(per/month),Education,Age,Profession,Gourment_affinity,Cooking_affinity,Travel_affinity,social_media_affinity,qsr_visits,competitor_visits,food_apps,premium_customer_flag,non_premium_customers
1,400013,0,129426,2,46,6,0,1,1,1,16,20,1,1,0
2,400013,0,161148,2,48,6,1,0,1,1,2,10,1,0,1
3,400013,1,74325,2,57,3,1,0,0,1,6,1,1,1,0
4,400013,0,107493,0,37,6,0,0,0,1,5,11,1,0,1
5,400013,0,114530,1,28,6,0,0,1,0,15,18,0,0,1
6,400013,1,47092,1,28,2,1,1,1,1,8,11,0,1,0
7,400013,0,107677,1,37,5,1,1,1,0,14,7,1,1,0
8,400013,0,93726,2,52,0,1,0,0,1,2,26,0,1,0
9,400013,1,180426,0,41,6,1,1,0,1,26,25,1,1,0
10,400013,1,166894,0,51,3,0,0,1,0,2,2,0,0,1
11,400052,1,78515,1,59,7,0,1,0,1,19,26,1,0,1
12,400052,0,196473,0,52,0,0,0,1,1,17,10,1,1,0
13,400052,1,120206,2,35,6,1,0,0,0,11,15,0,1,0
14,400052,0,117140,0,32,0,0,1,1,1,20,7,0,0,1
15,400052,1,160588,0,54,5,0,1,1,0,6,6,0,1,0
16,400052,0,109209,1,57,4,0,0,0,1,28,21,1,0,1
17,400052,1,54103,2,27,7,1,0,1,0,30,29,1,0,1
18,400052,0,175048,1,43,6,0,1,1,1,22,30,0,1,0
19,400052,1,179739,2,54,5,0,1,1,1,22,9,0,0,1
20,400052,0,145768,1,41,2,0,0,1,0,16,17,0,0,1
21,400001,0,73620,1,31,3,0,0,1,1,30,15,1,1,0
22,400001,1,48661,1,32,5,1,1,0,0,19,12,0,0,1
23,400001,1,43704,2,37,2,0,0,0,1,26,20,1,0,1
24,400001,0,81084,1,34,2,1,1,0,1,3,20,0,0,1
25,400001,1,70851,0,31,4,1,1,0,1,23,28,1,0,1
26,400001,0,194797,1,48,1,1,0,1,1,24,17,1,0,1
27,400001,1,195506,0,28,1,1,1,1,1,24,30,0,0,1
28,400001,0,157057,1,52,4,0,1,1,0,16,11,0,1,0
29,400001,0,113305,2,44,4,0,1,1,0,5,9,0,1,0
30,400001,1,191134,1,49,4,1,1,0,1,7,16,1,0,1
31,400008,1,81110,2,50,4,0,0,0,0,22,23,1,1,0
32,400008,0,41880,2,30,0,0,0,0,0,1,27,0,1,0
33,400008,1,105085,2,48,6,0,0,1,1,25,15,1,0,1
34,400008,0,78179,2,52,4,1,1,1,0,20,25,1,0,1
35,400008,1,68381,1,25,4,1,0,0,0,26,12,0,1,0
36,400008,1,147618,2,46,2,0,1,1,1,16,28,0,0,1
37,400008,0,89837,1,46,3,1,1,1,1,1,9,1,0,1
38,400008,0,112776,0,53,6,1,0,0,0,20,6,0,1,0
39,400008,1,49659,2,57,5,0,0,1,1,3,17,1,1,0
40,400008,0,78694,2,27,7,0,0,1,0,25,15,0,1,0
41,400028,1,49519,2,30,5,1,0,0,0,30,13,1,0,1
42,400028,1,77267,2,36,6,0,1,1,0,29,16,0,1,0
43,400028,1,134767,2,53,6,1,0,0,0,2,24,0,1,0
44,400028,1,33510,0,55,6,1,1,0,0,18,30,1,1,0
45,400028,1,125776,1,45,1,1,1,0,1,1,24,0,1,0
46,400028,0,87474,0,57,6,1,0,0,1,22,30,0,0,1
47,400028,0,174690,0,29,4,1,1,1,1,1,22,1,0,1
48,400028,1,42437,0,30,5,0,0,1,0,4,23,0,0,1
49,400028,0,167440,1,24,1,1,0,1,0,14,29,1,1,0
50,400028,0,58244,2,45,1,0,0,0,0,19,19,0,0,1
51,400034,0,198768,0,60,5,0,1,0,0,2,30,0,1,0
52,400034,0,138067,0,31,2,1,1,1,0,6,14,1,0,1
53,400034,0,58524,0,29,2,1,1,1,1,1,7,1,1,0
54,400034,0,87468,1,33,0,1,1,0,1,3,1,1,1,0
55,400034,1,79811,0,57,5,1,1,1,1,23,27,0,0,1
56,400034,0,127808,2,44,3,1,0,1,0,10,23,0,1,0
57,400034,1,55976,0,33,1,1,0,0,0,7,17,1,1,0
58,400034,1,138212,0,39,6,0,1,0,0,7,8,0,1,0
59,400034,0,182253,2,39,4,1,1,1,1,24,25,0,0,1
60,400034,0,124640,2,38,1,0,1,1,1,21,17,0,0,1
61,400056,1,165384,0,26,6,0,1,1,0,21,19,1,0,1
62,400056,1,173856,1,52,7,0,1,1,1,19,21,0,0,1
63,400056,0,98158,2,24,5,1,0,0,0,13,8,0,0,1
64,400056,0,149177,2,59,5,1,1,1,1,25,4,0,0,1
65,400056,0,85879,1,34,1,1,1,0,1,29,19,0,1,0
66,400056,1,113031,2,43,0,0,1,1,0,24,23,1,0,1
67,400056,1,64757,2,29,7,0,1,1,0,3,6,1,1,0
68,400056,0,165054,2,31,3,1,1,0,1,26,10,1,1,0
69,400056,1,172554,2,41,6,0,1,1,1,17,14,1,1,0
70,400056,0,99484,0,34,6,1,1,0,0,20,3,0,1,0
71,400063,0,44971,1,59,2,1,0,1,1,18,6,0,1,0
72,400063,0,140090,1,24,3,0,1,1,0,8,4,1,1,0
73,400063,0,45812,2,38,4,0,1,0,0,11,27,0,0,1
74,400063,0,187038,0,53,4,0,0,0,1,1,10,1,0,1
75,400063,0,99360,0,60,5,0,1,0,1,4,13,0,0,1
76,400063,0,107702,0,60,3,0,1,1,1,19,4,0,0,1
77,400063,0,52350,2,33,4,0,0,0,1,21,25,0,1,0
78,400063,1,61304,0,36,3,0,0,0,0,26,5,1,0,1
79,400063,0,113918,1,59,7,0,1,1,0,17,23,0,0,1
80,400063,1,186571,0,57,7,1,1,0,0,22,24,1,0,1
81,400093,1,131666,1,60,1,1,1,1,0,27,21,0,1,0
82,400093,1,117928,1,35,2,0,0,1,1,16,25,0,0,1
83,400093,0,123148,0,24,3,1,1,0,0,4,20,0,1,0
84,400093,0,101734,2,35,7,1,1,0,1,10,8,1,0,1
85,400093,0,35366,2,43,4,0,1,0,0,2,16,1,1,0
86,400093,1,161763,2,34,2,0,0,1,0,25,14,1,1,0
87,400093,0,102006,2,27,2,1,0,1,1,17,3,0,1,0
88,400093,0,166928,2,41,4,1,1,1,1,26,10,1,0,1
89,400093,1,113907,1,46,6,0,0,0,0,25,19,1,1,0
90,400093,1,52663,1,34,1,1,0,1,1,11,3,0,0,1
91,400069,1,53436,2,30,1,1,1,1,1,22,6,0,1,0
92,400069,1,56281,1,60,3,1,1,0,0,30,18,1,0,1
93,400069,0,196880,1,33,1,0,1,0,1,17,9,0,1,0
94,400069,0,91283,0,48,4,1,1,0,0,3,13,0,1,0
95,400069,1,180497,2,24,1,1,1,1,1,22,14,1,1,0
96,400069,1,113263,2,54,4,1,0,0,1,2,21,0,0,1
97,400069,1,38459,2,48,7,0,1,1,0,29,16,1,0,1
98,400069,1,82687,0,39,7,0,1,1,0,26,18,1,1,0
99,400069,1,133338,2,47,0,0,0,1,1,12,21,0,0,1
100,400069,0,116167,0,44,7,1,1,0,0,11,14,0,1,0
101,400020,0,189217,1,35,1,1,0,1,1,19,11,1,0,1
102,400020,1,76431,2,51,2,0,1,1,0,28,27,0,0,1
103,400020,1,181681,1,54,6,0,1,1,0,13,8,1,0,1
104,400020,1,82365,2,55,5,0,0,0,1,6,23,0,1,0
105,400020,1,79132,2,54,0,1,0,1,1,30,4,1,0,1
106,400020,1,179293,2,32,3,0,1,1,1,3,16,0,1,0
107,400020,1,42849,0,38,2,0,1,1,1,14,13,1,1,0
108,400020,1,128039,0,34,4,1,1,0,0,10,13,0,0,1
109,400020,0,74369,2,51,0,1,1,0,0,3,16,0,1,0
110,400020,1,100814,2,30,0,1,0,0,0,24,5,1,1,0
111,400089,1,193918,0,59,3,1,0,0,0,11,14,1,0,1
112,400089,0,166198,0,55,4,0,1,0,1,15,9,1,1,0
113,400089,0,92109,2,36,4,1,0,1,0,15,26,1,1,0
114,400089,1,172457,1,51,0,0,1,0,1,24,11,0,0,1
115,400089,0,114058,0,52,7,0,0,1,1,15,19,0,0,1
116,400089,1,193382,1,56,5,1,1,1,1,6,5,0,1,0
117,400089,0,193605,0,28,4,0,0,0,0,30,20,0,0,1
118,400089,1,58298,2,45,3,0,0,0,1,26,25,1,1,0
119,400089,0,199808,1,41,2,1,0,0,0,8,18,1,1,0
120,400089,0,124669,1,33,3,0,1,1,1,24,26,1,1,0
121,400021,0,145488,0,53,3,0,1,1,1,19,16,0,1,0
122,400021,1,158949,0,39,0,0,1,0,0,24,26,1,1,0
123,400021,1,111628,0,38,2,0,1,1,0,18,1,0,1,0
124,400021,0,197342,0,48,5,1,0,0,0,3,19,1,0,1
125,400021,1,93319,2,49,1,0,0,0,0,1,19,0,0,1
126,400021,0,140605,1,55,4,0,1,0,0,23,3,0,0,1
127,400021,1,104888,0,59,3,1,0,0,0,14,11,1,1,0
128,400021,1,35877,0,54,4,0,0,0,0,30,26,0,1,0
129,400021,0,109398,1,54,3,1,0,1,1,26,18,1,1,0
130,400021,0,68061,2,29,1,0,1,1,1,25,16,0,1,0
131,400072,1,92175,0,55,6,0,1,1,1,16,7,0,0,1
132,400072,1,154823,0,58,6,1,1,1,0,7,2,0,0,1
133,400072,1,138915,1,36,7,0,1,0,1,4,18,0,1,0
134,400072,0,123861,1,43,7,1,0,1,1,10,28,1,1,0
135,400072,1,186728,0,55,3,0,0,1,1,19,20,0,0,1
136,400072,0,171535,1,49,6,1,0,1,0,16,6,0,1,0
137,400072,1,174692,2,31,4,1,1,1,0,11,7,1,0,1
138,400072,1,45754,2,59,1,1,1,1,0,6,20,1,1,0
139,400072,1,78679,0,33,0,0,1,1,1,15,27,1,1,0
140,400072,1,197782,2,42,4,0,1,1,0,18,4,1,0,1
141,400078,0,140936,0,39,6,1,1,0,1,22,10,0,0,1
142,400078,1,171179,1,32,4,0,1,0,0,30,22,1,1,0
143,400078,1,166814,1,60,7,0,0,1,0,24,17,0,0,1
144,400078,0,47757,1,25,4,0,1,1,0,13,26,1,0,1
145,400078,1,130722,1,24,6,1,0,0,0,16,23,1,0,1
146,400078,0,130549,0,41,2,0,1,0,1,21,22,1,0,1
147,400078,1,88563,2,36,1,0,1,1,1,16,13,0,0,1
148,400078,1,90188,1,28,4,1,1,0,0,7,6,1,0,1
149,400078,0,70237,2,47,0,1,0,1,1,24,10,1,1,0
150,400078,1,30818,1,42,4,1,0,1,1,14,10,0,0,1
151,400050,0,80103,1,57,3,1,1,1,1,18,12,0,0,1
152,400050,1,43919,2,27,2,1,0,0,0,22,15,1,1,0
153,400050,0,35212,2,55,6,0,0,1,1,18,28,1,0,1
154,400050,0,116989,0,35,3,0,0,1,1,14,21,0,1,0
155,400050,1,56566,1,53,0,0,1,1,1,20,23,1,0,1
156,400050,1,69576,1,56,0,1,0,0,1,24,24,1,1,0
157,400050,0,161434,0,54,7,0,0,1,1,7,9,1,1,0
158,400050,1,182025,2,56,6,1,0,1,1,15,3,1,1,0
159,400050,1,39630,1,43,1,0,1,1,1,17,22,1,1,0
160,400050,0,184771,0,57,5,1,0,1,1,24,14,1,0,1
161,400092,0,191726,2,46,7,0,0,0,1,2,25,1,0,1
162,400092,0,34987,1,26,7,1,0,1,1,25,6,0,1,0
163,400092,0,86050,2,60,7,0,0,0,0,27,25,0,1,0
164,400092,1,96644,2,51,1,0,1,0,1,4,20,1,1,0
165,400092,1,126393,1,41,1,0,1,1,1,19,18,0,0,1
166,400092,0,193093,1,53,3,0,0,1,0,29,2,1,0,1
167,400092,1,116042,0,26,4,1,1,0,1,16,3,0,1,0
168,400092,0,73507,1,43,6,1,0,0,0,23,16,1,0,1
169,400092,1,92744,1,49,2,1,1,1,0,25,6,0,1,0
170,400092,1,185885,0,45,0,1,0,0,1,22,7,1,1,0
171,400603,0,144868,1,33,1,0,0,0,1,29,4,1,0,1
172,400603,1,76846,0,31,7,1,0,0,1,2,19,0,1,0
173,400603,1,132028,2,56,5,0,1,1,1,14,28,1,1,0
174,400603,1,138740,0,60,5,0,0,1,0,17,28,0,1,0
175,400603,1,64457,0,58,1,0,0,0,1,24,2,1,0,1
176,400603,1,95990,1,52,5,0,1,1,1,26,24,0,1,0
177,400603,0,108869,2,30,6,0,1,0,1,2,15,1,1,0
178,400603,0,58524,1,42,0,0,0,1,0,21,14,0,0,1
179,400603,0,64430,2,42,2,1,1,1,1,4,27,0,0,1
180,400603,0,90418,0,37,0,1,1,0,0,16,25,1,1,0
181,400086,0,119150,0,41,6,1,0,0,1,7,29,1,0,1
182,400086,1,86356,0,50,3,0,1,0,1,23,4,0,0,1
183,400086,1,33526,1,45,6,0,0,0,0,18,23,0,1,0
184,400086,0,148814,2,58,0,0,1,0,0,22,14,0,0,1
185,400086,0,57134,2,34,5,0,1,1,1,26,15,0,0,1
186,400086,0,81191,0,44,1,0,1,1,1,19,6,1,0,1
187,400086,1,63099,0,48,6,1,1,0,0,21,28,1,1,0
188,400086,0,49783,2,29,3,0,0,0,0,27,17,1,1,0
189,400086,1,31629,1,28,5,1,1,1,1,17,23,1,1,0
190,400086,1,183192,2,35,4,0,1,0,0,7,4,0,1,0
191,400053,0,34068,1,34,4,0,0,0,1,24,30,0,0,1
192,400053,0,176415,2,45,7,0,0,0,0,14,26,0,1,0
193,400053,0,43959,0,50,3,1,1,0,1,20,17,1,1,0
194,400053,1,177703,2,48,4,1,0,1,0,29,19,1,0,1
195,400053,1,187546,2,30,6,1,1,0,0,20,21,0,0,1
196,400053,1,115786,0,33,4,1,1,0,1,2,18,0,0,1
197,400053,0,167639,2,49,6,0,1,1,0,5,17,1,1,0
198,400053,0,179071,2,41,0,1,0,0,0,7,4,1,1,0
199,400053,1,67178,0,26,0,0,0,1,1,30,16,1,1,0
200,400053,0,44914,0,55,2,1,0,1,0,20,13,0,0,1
201,400057,0,180745,0,29,4,0,1,0,1,11,3,1,1,0
202,400057,1,188499,2,35,5,1,1,0,0,3,18,1,0,1
203,400057,1,168204,2,28,3,0,0,1,0,15,13,1,1,0
204,400057,0,186697,0,28,7,0,0,1,1,18,15,1,1,0
205,400057,0,57224,1,50,3,0,1,1,1,17,21,0,1,0
206,400057,0,151682,2,33,6,1,0,0,0,30,8,0,1,0
207,400057,0,134184,1,51,1,0,0,1,1,17,14,0,0,1
208,400057,1,62898,2,58,4,1,1,1,0,7,24,0,1,0
209,400057,0,62607,1,27,0,1,1,0,0,6,8,0,1,0
210,400057,1,120036,1,39,0,1,0,0,0,23,22,0,0,1
211,400098,1,37444,0,49,7,0,1,0,1,23,11,0,0,1
212,400098,1,46432,2,31,6,0,1,1,0,4,20,1,1,0
213,400098,0,92960,2,54,5,1,1,0,1,5,4,0,0,1
214,400098,1,164031,0,57,4,1,0,1,1,18,8,1,0,1
215,400098,1,73332,1,45,3,0,0,0,1,5,12,0,1,0
216,400098,0,101814,0,49,1,1,1,0,1,24,18,0,1,0
217,400098,1,133274,2,31,0,0,0,1,0,3,8,0,1,0
218,400098,0,98311,2,48,0,0,1,1,0,2,28,0,1,0
219,400098,1,31622,2,24,0,0,0,0,0,6,16,0,0,1
220,400098,0,100943,2,27,3,0,0,1,1,21,3,1,0,1
221,400091,0,152961,0,33,5,1,1,0,0,4,2,1,1,0
222,400091,0,196118,1,31,2,1,1,0,0,22,12,1,0,1
223,400091,0,60589,1,40,5,0,0,0,0,18,18,1,1,0
224,400091,0,71203,1,52,6,1,1,1,1,1,19,0,0,1
225,400091,0,131642,0,37,6,0,1,0,0,8,5,0,0,1
226,400091,1,114836,2,35,2,1,0,0,0,9,19,0,0,1
227,400091,0,40602,1,25,2,0,0,0,0,19,6,1,0,1
228,400091,0,124200,0,35,1,1,0,1,0,18,12,1,1,0
229,400091,1,37986,1,45,5,0,1,1,0,27,19,0,1,0
230,400091,0,35414,0,38,0,1,1,1,1,10,23,0,1,0
231,400080,1,104438,2,54,5,0,1,1,0,15,15,0,0,1
232,400080,1,126441,2,36,5,0,0,1,1,11,6,0,0,1
233,400080,0,58007,1,31,6,1,0,0,1,21,7,0,0,1
234,400080,0,35881,0,48,0,1,1,1,1,16,28,0,0,1
235,400080,1,100925,2,30,3,1,1,1,1,19,14,1,0,1
236,400080,0,107741,1,56,4,0,1,1,0,13,17,0,1,0
237,400080,1,126922,2,36,3,0,0,0,1,22,28,1,1,0
238,400080,0,43200,2,30,3,1,0,0,1,22,8,1,0,1
239,400080,0,137060,1,57,1,0,0,0,0,1,29,1,1,0
240,400080,0,49194,0,45,5,1,0,1,1,24,2,0,1,0
241,400099,0,130469,1,25,6,0,0,0,1,6,25,0,0,1
242,400099,1,48307,1,55,3,1,0,0,1,1,9,0,1,0
243,400099,0,71221,2,53,1,1,0,0,1,23,9,0,1,0
244,400099,0,40214,2,26,4,1,0,1,1,26,10,0,1,0
245,400099,1,187365,2,50,7,0,0,0,1,4,10,1,1,0
246,400099,0,186347,0,41,0,1,1,1,1,14,2,1,0,1
247,400099,1,136775,2,42,0,1,1,1,0,3,9,1,1,0
248,400099,1,173285,0,48,1,0,1,0,0,15,9,1,1,0
249,400099,0,154527,1,44,1,0,0,1,0,4,19,0,1,0
250,400099,1,57810,2,40,7,1,0,0,0,15,5,1,1,0
251,400024,1,71019,2,54,1,0,1,0,1,3,29,0,0,1
252,400024,0,75863,1,53,3,0,1,1,1,9,6,0,0,1
253,400024,0,100600,1,51,6,1,1,1,1,19,26,1,1,0
254,400024,0,36604,2,48,2,0,1,1,1,9,15,1,1,0
255,400024,1,99126,2,56,0,1,0,0,1,16,11,1,0,1
256,400024,0,151159,0,28,1,1,0,0,0,30,1,1,1,0
257,400024,1,131369,2,56,4,0,0,1,0,24,16,0,0,1
258,400024,0,167892,0,31,0,1,1,0,1,1,7,1,1,0
259,400024,0,76588,1,30,0,1,1,0,0,3,30,0,0,1
260,400024,0,43401,1,43,5,1,0,0,0,30,11,0,0,1
261,400064,1,182708,1,33,2,0,1,0,0,12,4,1,0,1
262,400064,1,101965,0,53,7,1,1,0,1,27,5,0,1,0
263,400064,1,56497,2,33,1,0,1,1,1,27,7,1,0,1
264,400064,0,58654,1,57,0,0,1,1,1,19,12,0,0,1
265,400064,0,62860,0,58,1,0,1,0,1,16,20,1,0,1
266,400064,1,160391,0,27,6,1,1,1,1,7,25,0,0,1
267,400064,0,169921,1,42,5,0,1,1,0,2,20,1,1,0
268,400064,0,179221,2,55,4,1,1,0,1,5,9,1,0,1
269,400064,0,186061,2,35,3,0,1,1,0,17,18,0,0,1
270,400064,0,137182,0,45,6,1,1,1,1,8,6,0,0,1
271,400071,1,48637,2,59,5,0,1,0,1,20,9,1,0,1
272,400071,1,48263,1,53,6,0,1,1,1,22,21,1,0,1
273,400071,1,183747,0,54,6,0,1,1,1,8,15,0,1,0
274,400071,0,190873,0,26,5,0,0,0,1,24,18,1,0,1
275,400071,1,89520,0,46,1,1,1,0,1,25,26,1,0,1
276,400071,1,81380,1,55,2,0,1,0,0,6,22,0,0,1
277,400071,0,187984,2,46,7,1,1,0,0,1,26,0,1,0
278,400071,0,152996,2,46,1,0,0,1,0,26,21,1,1,0
279,400071,1,158986,0,40,7,0,1,1,0,6,16,1,0,1
280,400071,1,73579,2,59,0,0,0,1,1,26,22,0,1,0
281,400101,1,174073,2,24,0,0,1,1,1,25,17,1,1,0
282,400101,0,194722,1,39,2,0,0,0,0,13,23,0,1,0
283,400101,0,174103,0,51,3,1,0,1,1,14,3,1,1,0
284,400101,0,63319,0,32,0,0,0,0,1,18,9,0,1,0
285,400101,1,155808,1,49,0,1,0,1,0,9,27,1,0,1
286,400101,0,196165,0,52,6,1,1,0,0,29,25,1,1,0
287,400101,0,94164,2,37,7,0,0,0,0,20,13,0,0,1
288,400101,0,60139,2,38,3,0,1,1,0,1,3,1,0,1
289,400101,1,197325,1,46,7,0,1,1,0,25,11,1,1,0
290,400101,0,132239,2,56,6,1,0,1,1,7,13,0,0,1
291,400067,0,52861,2,29,5,1,0,0,1,27,13,1,0,1
292,400067,0,118740,0,46,6,0,0,1,0,3,13,0,0,1
293,400067,1,120106,2,43,7,1,1,0,0,25,8,0,1,0
294,400067,1,114838,1,56,1,1,1,0,1,30,11,0,0,1
295,400067,1,36535,0,48,1,1,1,1,1,4,13,0,1,0
296,400067,0,90337,2,24,0,0,1,1,0,7,15,0,1,0
297,400067,0,192311,2,38,4,1,1,1,0,28,30,1,1,0
298,400067,1,183574,1,33,1,1,0,0,0,20,17,1,1,0
299,400067,0,148411,2,59,3,1,0,0,1,3,28,0,0,1
300,400067,0,81606,2,35,1,0,0,0,1,5,17,0,0,1
301,400104,1,40340,0,45,7,0,1,0,0,11,4,0,1,0
302,400104,1,56375,0,35,2,1,1,0,1,8,3,1,1,0
303,400104,0,122206,0,43,7,1,0,1,0,24,11,1,1,0
304,400104,0,42611,2,49,7,0,1,1,0,12,6,0,1,0
305,400104,0,179278,0,32,0,0,0,1,0,6,2,0,1,0
306,400104,0,46807,0,52,3,1,1,1,0,14,8,1,1,0
307,400104,1,51063,2,34,4,0,1,1,0,27,8,1,0,1
308,400104,0,187703,0,57,6,1,1,1,0,19,19,0,1,0
309,400104,1,189707,0,28,2,1,1,0,1,30,6,0,1,0
310,400104,0,107153,0,45,6,1,0,0,0,27,27,1,1,0
311,400010,1,189349,0,27,0,1,0,0,0,22,18,0,0,1
312,400010,0,37615,1,47,1,1,0,1,0,14,29,1,0,1
313,400010,0,133283,1,46,3,0,1,0,1,8,23,1,0,1
314,400010,0,105011,2,39,1,1,1,0,0,26,15,0,0,1
315,400010,1,105549,0,53,0,1,1,0,0,22,21,0,0,1
316,400010,1,96698,2,28,4,0,0,0,1,7,19,0,0,1
317,400010,1,38404,0,56,1,0,0,0,0,9,7,1,0,1
318,400010,0,76449,1,46,2,1,0,0,0,28,9,0,0,1
319,400010,0,124234,2,24,5,0,1,1,1,10,2,1,1,0
320,400010,0,196542,2,29,0,0,1,0,1,28,22,1,0,1
321,400102,1,60317,1,31,5,1,0,1,0,28,27,1,0,1
322,400102,1,130597,1,39,4,0,1,1,1,12,7,0,0,1
323,400102,0,183833,2,47,7,1,0,0,1,28,7,1,0,1
324,400102,1,86164,0,58,1,0,0,1,1,25,10,1,1,0
325,400102,1,117117,0,25,7,1,1,0,0,20,24,1,1,0
326,400102,1,128967,0,56,5,1,1,0,0,6,17,0,0,1
327,400102,1,154860,1,44,3,0,0,0,0,7,22,0,1,0
328,400102,1,129312,2,25,5,1,0,0,1,26,1,1,0,1
329,400102,1,104196,1,24,2,0,1,1,1,8,11,1,1,0
330,400102,1,77777,0,32,5,0,0,1,0,1,4,0,1,0
331,400068,1,30138,2,54,6,1,1,1,1,9,22,1,0,1
332,400068,0,181487,0,59,1,1,1,0,1,11,16,1,0,1
333,400068,0,164943,2,33,6,1,0,1,1,24,23,1,0,1
334,400068,0,123064,0,26,5,1,1,1,1,8,26,0,1,0
335,400068,1,144543,0,32,3,0,1,0,0,25,20,1,0,1
336,400068,1,142825,2,50,5,0,1,1,0,30,9,1,0,1
337,400068,1,44722,0,54,1,0,1,0,0,16,6,1,1,0
338,400068,1,76468,2,42,0,0,0,1,1,5,17,1,0,1
339,400068,0,166845,0,28,2,0,1,0,0,29,23,0,1,0
340,400068,0,168123,2,37,7,1,1,1,1,29,7,0,1,0
341,400058,0,168538,2,25,2,1,0,0,1,24,12,0,0,1
342,400058,1,144274,0,37,7,0,1,1,0,1,1,0,0,1
343,400058,1,40375,2,34,6,1,1,1,1,6,18,0,1,0
344,400058,0,81957,1,48,1,1,0,0,0,25,28,0,0,1
345,400058,1,140128,1,26,0,1,0,1,1,2,19,0,1,0
346,400058,1,183435,1,49,3,1,0,1,0,24,13,0,0,1
347,400058,0,182343,0,47,3,0,0,1,0,27,25,0,0,1
348,400058,0,75138,2,59,3,0,0,1,1,26,30,1,1,0
349,400058,1,61738,1,58,6,0,0,0,1,7,10,1,0,1
350,400058,1,176171,0,50,0,1,0,1,0,29,2,1,1,0
351,400011,0,103923,1,29,3,1,0,1,0,4,29,1,0,1
352,400011,0,88505,2,48,4,1,1,1,0,21,8,1,0,1
353,400011,0,39308,1,24,2,0,0,0,1,13,26,0,0,1
354,400011,1,149019,1,41,4,1,1,1,0,17,2,1,1,0
355,400011,0,104534,0,54,4,0,0,1,0,23,11,1,0,1
356,400011,0,81488,2,38,2,1,1,1,0,18,22,1,0,1
357,400011,0,187404,0,29,5,0,0,1,1,16,15,0,0,1
358,400011,0,123155,0,29,5,0,0,1,0,3,28,0,0,1
359,400011,0,104035,2,49,0,1,0,1,1,22,7,0,1,0
360,400011,0,125779,1,28,0,1,1,0,1,2,20,0,1,0
361,400022,0,181849,1,37,6,0,0,1,0,4,22,0,0,1
362,400022,1,180260,0,30,6,1,0,1,0,11,10,1,1,0
363,400022,1,66064,0,38,1,1,0,1,0,19,2,0,1,0
364,400022,1,198964,1,39,1,1,0,1,1,2,22,1,1,0
365,400022,1,75752,2,42,7,1,1,0,0,9,27,0,0,1
366,400022,0,82241,1,37,2,0,0,0,1,2,28,0,1,0
367,400022,0,94166,2,32,5,0,0,0,0,26,8,1,1,0
368,400022,1,89026,1,35,5,0,1,1,0,11,30,1,0,1
369,400022,1,116352,0,30,2,0,0,1,0,26,30,0,1,0
370,400022,0,153730,0,52,0,0,1,1,1,6,15,0,1,0
371,400708,0,139949,2,44,2,0,1,1,1,19,8,0,1,0
372,400708,1,128272,2,40,3,0,0,1,1,6,6,1,0,1
373,400708,1,105945,0,37,0,0,1,0,1,5,24,0,1,0
374,400708,1,123398,2,34,4,0,0,1,0,3,16,0,1,0
375,400708,1,169090,1,46,2,0,1,0,0,3,11,0,0,1
376,400708,1,154395,1,36,7,0,1,1,0,30,2,0,1,0
377,400708,0,110087,0,26,2,0,0,1,1,4,26,0,1,0
378,400708,0,43903,0,60,0,0,0,0,0,13,16,1,0,1
379,400708,1,56713,0,50,4,0,1,0,1,9,28,1,1,0
380,400708,1,67177,1,34,5,1,0,0,0,21,10,0,1,0
381,400606,1,120160,2,27,3,0,1,0,0,27,26,1,0,1
382,400606,0,70522,1,48,2,0,0,1,1,14,21,1,1,0
383,400606,0,38371,2,31,1,1,1,0,0,7,26,0,0,1
384,400606,1,41619,0,30,4,1,0,1,1,6,30,0,0,1
385,400606,1,55448,0,54,6,1,1,1,1,12,23,1,1,0
386,400606,1,125382,1,29,1,0,1,1,0,18,30,1,0,1
387,400606,1,86681,2,25,1,1,0,0,1,17,6,1,0,1
388,400606,0,62163,2,44,2,1,1,0,1,15,4,0,1,0
389,400606,1,151946,1,45,5,0,1,0,0,9,4,0,0,1
390,400606,1,157627,2,46,0,1,0,1,0,27,13,1,1,0
391,400602,1,146508,2,40,0,1,1,1,1,8,9,0,1,0
392,400602,0,158139,1,30,5,0,0,0,1,13,25,0,1,0
393,400602,1,91246,0,29,2,0,1,1,1,20,10,1,1,0
394,400602,1,59800,2,29,7,1,0,1,1,9,29,1,1,0
395,400602,1,163547,2,59,7,0,1,1,1,12,5,1,0,1
396,400602,0,127543,2,34,4,1,1,1,1,3,16,0,0,1
397,400602,0,143078,1,50,0,0,0,1,0,10,21,1,1,0
398,400602,0,77286,0,52,4,1,1,1,0,6,29,0,0,1
399,400602,0,162090,0,54,7,1,0,1,1,20,27,1,0,1
400,400602,0,154824,1,49,2,1,1,0,0,29,30,1,0,1
401,400601,0,89329,2,26,2,0,0,0,0,15,27,1,1,0
402,400601,0,100718,0,54,7,1,1,1,0,4,27,0,1,0
403,400601,0,147863,0,44,2,1,1,0,0,11,7,1,1,0
404,400601,1,168487,0,37,6,1,0,1,1,13,28,1,1,0
405,400601,1,155699,1,27,1,1,1,1,0,21,3,0,1,0
406,400601,1,100942,0,32,3,0,1,1,1,22,6,0,1,0
407,400601,1,50894,2,34,7,0,1,1,0,7,24,0,0,1
408,400601,0,156024,1,60,3,0,0,1,1,17,13,1,1,0
409,400601,0,129555,1,59,0,0,0,1,1,12,20,0,1,0
410,400601,1,42342,2,28,6,1,1,0,0,30,26,0,1,0
411,400607,1,91574,0,60,0,0,1,1,1,8,21,1,0,1
412,400607,0,146891,0,32,5,1,0,1,1,10,26,1,1,0
413,400607,0,78991,1,52,5,1,1,0,1,12,8,1,0,1
414,400607,1,173109,0,56,4,0,1,1,1,16,19,1,0,1
415,400607,0,150276,2,59,7,1,0,1,0,22,2,1,0,1
416,400607,1,109130,1,37,3,0,1,1,0,20,9,0,1,0
417,400607,1,48609,1,54,1,1,1,0,1,23,6,0,1,0
418,400607,1,80372,2,36,3,0,1,0,1,22,26,1,0,1
419,400607,1,87236,1,49,4,1,1,1,1,5,27,1,1,0
420,400607,0,121543,2,59,1,0,0,1,1,27,13,0,0,1
421,400706,0,82145,2,47,6,0,0,0,0,12,8,0,0,1
422,400706,1,64069,0,39,4,1,0,0,0,14,1,1,1,0
423,400706,1,104735,0,35,7,1,1,1,0,5,18,1,1,0
424,400706,0,51328,1,26,2,0,1,1,0,8,14,0,1,0
425,400706,0,100677,0,45,0,1,1,0,1,28,17,0,0,1
426,400706,0,145811,1,26,4,0,1,1,0,20,16,0,1,0
427,400706,0,178039,2,28,3,0,0,0,1,29,3,0,1,0
428,400706,1,176531,2,30,6,1,1,1,1,9,24,0,0,1
429,400706,1,47871,2,56,1,0,0,1,1,4,2,0,1,0
430,400706,0,138134,0,38,5,0,0,1,0,20,21,0,0,1
431,400703,0,135069,1,32,1,0,1,0,0,21,10,1,1,0
432,400703,0,53771,2,53,7,1,1,0,1,9,1,1,0,1
433,400703,0,50493,1,25,4,0,1,1,1,3,18,1,0,1
434,400703,1,95050,2,43,2,0,1,0,0,21,20,1,1,0
435,400703,0,167291,2,25,4,0,1,0,1,16,15,0,0,1
436,400703,1,124331,2,29,4,0,0,0,0,2,29,0,1,0
437,400703,1,173226,2,49,3,0,0,0,0,19,15,1,0,1
438,400703,0,127007,2,57,1,1,1,0,0,23,8,1,1,0
439,400703,1,165956,2,43,6,0,1,0,0,4,21,0,0,1
440,400703,0,175828,1,50,4,1,1,0,0,19,8,0,1,0
441,400705,0,181753,0,46,5,1,1,0,1,1,9,1,1,0
442,400705,1,122057,2,46,7,1,0,0,1,23,17,0,0,1
443,400705,0,58465,1,51,2,0,1,1,0,10,16,1,0,1
444,400705,0,102536,1,36,4,0,0,0,1,23,11,0,1,0
445,400705,0,36994,2,51,7,0,0,0,1,11,30,1,0,1
446,400705,0,140364,0,54,3,0,0,0,1,8,17,1,1,0
447,400705,1,199390,0,28,3,0,0,0,1,17,21,0,1,0
448,400705,0,124638,1,57,6,0,1,1,0,21,19,1,1,0
449,400705,0,96417,2,48,3,1,1,1,1,23,16,0,1,0
450,400705,1,120971,2,30,7,1,0,1,0,6,29,0,0,1
451,401107,1,199475,2,38,5,0,1,0,0,17,5,0,1,0
452,401107,0,165652,0,48,3,0,1,0,0,11,8,1,0,1
453,401107,1,105413,0,42,0,0,0,0,1,16,4,0,1,0
454,401107,0,198191,2,57,2,1,0,1,0,11,5,0,0,1
455,401107,1,93810,2,52,6,1,1,1,0,24,13,0,1,0
456,401107,1,57647,0,32,0,0,1,1,1,3,29,0,1,0
457,401107,1,62896,2,50,2,1,0,0,1,24,26,1,1,0
458,401107,1,169951,1,34,7,1,0,1,0,27,30,0,1,0
459,401107,0,77277,0,26,6,1,0,1,0,12,23,0,0,1
460,401107,0,75920,1,32,6,0,1,1,1,3,27,0,1,0
461,400709,1,170451,2,37,1,1,0,1,0,21,26,0,0,1
462,400709,0,51949,1,47,0,0,0,1,1,24,11,0,0,1
463,400709,1,181357,2,53,2,1,0,0,0,18,30,1,0,1
464,400709,1,98324,2,55,2,0,0,0,0,11,29,1,1,0
465,400709,1,193642,2,37,0,0,1,1,0,29,15,0,1,0
466,400709,1,99567,1,43,2,1,1,1,0,14,20,1,1,0
467,400709,1,191471,2,49,7,0,0,1,0,7,22,1,1,0
468,400709,0,199605,2,57,1,1,1,0,0,9,23,1,1,0
469,400709,0,137448,1,32,4,0,1,0,0,7,7,0,1,0
470,400709,0,84165,0,35,7,1,0,0,0,5,9,1,1,0
471,400701,0,118078,0,54,6,0,1,0,1,22,16,1,1,0
472,400701,0,87755,1,47,5,1,0,1,0,10,16,1,0,1
473,400701,1,85132,1,44,3,0,0,0,0,27,15,0,1,0
474,400701,0,61585,0,48,5,0,0,1,1,4,16,1,0,1
475,400701,0,87989,1,46,4,1,0,1,1,15,3,1,0,1
476,400701,0,37691,2,42,1,1,0,1,1,17,20,0,0,1
477,400701,0,121347,0,38,7,0,0,0,0,17,17,1,1,0
478,400701,0,38481,2,37,5,0,1,0,0,12,18,0,0,1
479,400701,0,34527,1,25,3,1,0,1,0,12,22,0,0,1
480,400701,1,117313,2,43,2,0,0,1,1,14,5,0,1,0
481,401101,1,65786,2,29,7,0,1,0,0,21,3,1,0,1
482,401101,1,146440,2,55,1,0,1,1,1,12,17,0,1,0
483,401101,1,126548,0,39,4,1,1,1,1,18,30,1,1,0
484,401101,0,142450,0,33,2,0,0,1,0,22,3,1,0,1
485,401101,1,83269,1,55,6,0,0,0,0,12,19,0,0,1
486,401101,0,194760,1,51,5,0,1,0,0,12,10,0,1,0
487,401101,1,106592,0,32,7,0,1,0,1,19,11,1,0,1
488,401101,0,50087,0,35,1,1,1,1,0,29,15,1,1,0
489,401101,0,139782,2,39,6,0,0,1,1,30,1,0,1,0
490,401101,0,30233,2,58,5,1,0,1,1,30,29,1,0,1
491,401208,1,147965,1,44,5,1,1,0,1,11,3,1,1,0
492,401208,0,123789,1,51,3,1,0,1,0,16,18,0,1,0
493,401208,1,131716,0,51,2,0,1,0,1,22,5,0,1,0
494,401208,0,126305,0,29,2,0,1,0,0,22,3,0,0,1
495,401208,1,148956,0,34,6,1,0,0,1,19,24,0,0,1
496,401208,1,191290,2,47,4,1,1,1,0,19,21,1,0,1
497,401208,1,67313,0,58,6,0,0,1,1,5,8,1,1,0
498,401208,0,184573,1,46,6,0,1,0,0,9,13,0,0,1
499,401208,0,149985,0,60,1,0,1,0,0,19,26,0,1,0
500,401208,0,111870,2,36,0,0,1,0,0,27,19,0,1,0
501,410210,1,105134,1,41,4,0,0,0,1,7,7,1,1,0
502,410210,0,78771,2,48,3,1,0,1,0,27,15,1,0,1
503,410210,0,196080,2,49,1,0,0,0,1,7,23,1,0,1
504,410210,0,40302,2,32,7,0,0,0,1,9,20,0,1,0
505,410210,1,154288,0,37,5,1,0,0,1,3,15,0,0,1
506,410210,0,105068,2,36,4,1,0,0,0,4,25,1,0,1
507,410210,0,132751,0,25,1,0,0,0,1,27,7,1,1,0
508,410210,1,164906,1,35,6,1,1,1,1,21,15,1,0,1
509,410210,0,155107,2,34,2,0,1,0,1,19,13,1,1,0
510,410210,0,192830,0,35,3,1,0,0,0,8,4,1,1,0
511,410218,0,188070,0,46,4,0,1,0,0,28,17,1,0,1
512,410218,1,89591,1,30,5,1,1,1,1,6,11,1,1,0
513,410218,0,156953,0,50,5,1,1,1,1,28,3,1,0,1
514,410218,1,106808,0,50,6,1,0,1,0,4,10,1,1,0
515,410218,1,57552,2,33,5,1,1,0,1,21,29,1,1,0
516,410218,1,143604,1,52,1,1,1,1,1,11,5,0,1,0
517,410218,1,181940,2,53,7,1,0,1,0,28,23,1,1,0
518,410218,1,145161,2,38,4,0,1,1,1,6,4,0,0,1
519,410218,0,151329,1,41,1,1,1,1,1,29,27,1,0,1
520,410218,0,118168,1,33,7,1,0,0,0,14,13,1,0,1
521,410206,1,39493,2,29,5,1,1,1,0,6,21,1,0,1
522,410206,1,187640,1,56,3,1,1,1,1,15,27,0,1,0
523,410206,0,54970,2,44,5,1,1,1,0,10,17,0,0,1
524,410206,0,66191,0,25,3,1,1,1,0,8,23,1,0,1
525,410206,0,96879,2,59,7,0,1,0,1,9,6,1,1,0
526,410206,0,124851,0,30,0,0,1,0,1,22,22,0,1,0
527,410206,1,96370,1,47,4,1,0,0,1,22,13,1,0,1
528,410206,1,49785,2,46,2,0,0,0,0,30,15,1,1,0
529,410206,0,75075,0,51,4,0,1,0,0,9,18,0,1,0
530,410206,0,42570,2,38,5,1,1,0,1,7,12,0,0,1
531,421204,0,41079,2,39,7,1,1,0,0,17,27,1,1,0
532,421204,0,150467,0,42,4,0,1,1,1,3,29,1,1,0
533,421204,0,37739,0,43,7,0,1,0,1,16,5,1,1,0
534,421204,0,194752,1,34,7,0,0,0,1,16,9,0,0,1
535,421204,0,87670,2,43,0,1,0,0,0,13,9,1,0,1
536,421204,0,138589,1,59,5,0,1,1,1,22,29,0,0,1
537,421204,1,33361,1,36,1,1,1,1,1,26,3,1,1,0
538,421204,0,105106,1,26,5,1,0,1,1,6,29,1,0,1
539,421204,1,152801,1,53,5,1,0,0,0,19,29,1,1,0
540,421204,1,131836,1,49,2,0,0,1,1,29,15,1,1,0
541,421306,0,47188,2,57,7,1,1,0,0,5,12,0,0,1
542,421306,0,59882,1,35,5,0,1,1,1,23,10,1,1,0
543,421306,1,132954,0,49,3,0,1,0,0,10,27,0,0,1
544,421306,0,177386,1,40,4,0,1,0,0,23,28,1,0,1
545,421306,1,130007,0,42,4,0,0,0,1,29,7,0,1,0
546,421306,1,133860,2,36,3,0,0,1,0,3,30,0,1,0
547,421306,1,56084,2,47,6,1,0,0,0,6,15,0,0,1
548,421306,0,38754,2,29,3,1,1,0,0,27,27,0,1,0
549,421306,1,125449,1,55,5,0,1,1,0,16,7,1,0,1
550,421306,0,117441,1,51,2,1,1,1,1,6,9,0,0,1
551,401202,1,91785,2,31,0,0,1,1,1,19,17,1,1,0
552,401202,0,186259,1,43,1,1,1,0,1,11,7,1,0,1
553,401202,1,166135,2,40,2,1,0,0,1,23,7,1,0,1
554,401202,0,65229,1,54,6,0,1,0,0,27,24,0,1,0
555,401202,0,153010,2,53,6,1,1,1,0,7,23,0,1,0
556,401202,1,59545,2,49,7,0,1,0,1,3,27,1,0,1
557,401202,0,81673,1,54,0,0,0,1,0,12,27,0,1,0
558,401202,1,115491,0,55,5,0,0,1,1,29,18,0,1,0
559,401202,1,185853,1,50,1,1,1,0,1,17,13,1,0,1
560,401202,1,151695,0,49,3,1,1,1,0,2,17,1,1,0
561,421302,0,128298,1,38,3,0,0,1,1,4,10,1,0,1
562,421302,1,75495,2,29,0,0,0,1,0,24,7,1,0,1
563,421302,0,106474,0,31,1,0,0,1,1,6,30,1,1,0
564,421302,1,67026,0,47,4,0,0,1,1,26,22,1,0,1
565,421302,0,180756,2,42,4,0,0,0,0,8,23,1,1,0
566,421302,1,119910,2,29,2,1,1,0,0,15,6,1,1,0
567,421302,0,185829,0,59,4,1,1,1,0,1,29,0,0,1
568,421302,0,168945,2,30,0,0,0,1,1,13,23,1,1,0
569,421302,0,121953,0,36,3,0,1,1,1,21,3,1,1,0
570,421302,1,68122,1,37,1,0,0,0,0,30,27,1,0,1
571,421503,0,173570,2,52,6,0,1,1,0,21,24,1,0,1
572,421503,0,89889,1,40,4,0,1,0,0,9,13,1,0,1
573,421503,0,54829,0,50,3,0,0,0,1,2,1,0,1,0
574,421503,1,31642,1,25,3,1,0,1,0,25,20,0,0,1
575,421503,1,152190,1,40,5,0,0,0,0,2,14,0,0,1
576,421503,0,172788,2,35,6,1,1,1,1,22,3,1,1,0
577,421503,1,103926,1,42,1,1,1,1,1,27,10,0,0,1
578,421503,0,34619,1,32,2,0,1,0,0,20,20,1,0,1
579,421503,1,171315,1,44,4,0,0,0,1,21,20,1,1,0
580,421503,1,172280,2,54,0,1,1,0,0,2,14,0,0,1
581,421201,1,191217,2,37,4,1,1,0,0,23,8,0,0,1
582,421201,0,58857,0,26,4,0,1,1,1,26,9,1,1,0
583,421201,1,39874,0,50,1,0,1,1,1,5,12,0,0,1
584,421201,0,184415,2,45,6,1,1,0,1,8,8,0,0,1
585,421201,1,91904,1,35,7,1,0,1,1,7,17,1,1,0
586,421201,0,59754,2,43,5,0,1,1,0,5,28,0,1,0
587,421201,1,120839,0,58,3,0,1,0,1,29,18,1,0,1
588,421201,0,145534,2,56,0,0,0,1,0,18,29,1,0,1
589,421201,1,151084,0,46,1,1,1,1,0,26,14,0,1,0
590,421201,1,171056,0,28,6,1,1,1,1,14,3,0,1,0
591,401203,0,109165,1,39,3,1,1,0,1,26,4,0,0,1
592,401203,0,174619,0,53,2,0,1,1,1,25,27,1,0,1
593,401203,0,41448,2,57,2,0,1,0,1,26,25,1,1,0
594,401203,0,144457,0,24,7,0,0,0,0,8,18,0,0,1
595,401203,0,198679,1,53,7,1,0,1,0,4,16,1,0,1
596,401203,1,48494,2,43,7,0,1,0,1,11,5,1,0,1
597,401203,0,125556,2,39,2,1,1,0,1,27,2,0,0,1
598,401203,1,174722,2,30,3,1,0,0,1,1,22,0,0,1
599,401203,1,47681,0,26,7,0,1,1,0,10,21,0,1,0
600,401203,1,45984,1,29,7,1,0,0,0,2,3,0,0,1
601,421501,0,153529,0,56,3,0,1,0,1,25,28,1,1,0
602,421501,1,62221,1,50,2,0,1,0,1,23,17,1,0,1
603,421501,0,46310,1,29,1,1,0,0,1,19,14,0,0,1
604,421501,1,105367,2,44,1,1,1,1,0,28,25,1,0,1
605,421501,1,68563,1,44,4,0,0,0,1,26,17,1,0,1
606,421501,0,52562,0,40,4,1,0,0,1,30,26,0,1,0
607,421501,0,190854,1,29,2,1,1,0,0,23,15,1,1,0
608,421501,0,109273,2,58,2,1,0,1,0,13,26,0,0,1
609,421501,1,38107,0,25,7,0,0,1,1,8,12,0,1,0
610,421501,0,187338,0,43,1,0,0,1,1,27,21,0,0,1
611,421301,1,81548,1,53,7,1,0,0,0,18,1,0,0,1
612,421301,0,62569,1,42,6,1,0,0,0,18,22,1,1,0
613,421301,0,38155,2,29,7,1,0,1,0,6,23,0,0,1
614,421301,0,80928,1,32,0,1,0,0,1,29,25,0,1,0
615,421301,0,110778,0,28,6,0,1,1,1,27,7,0,1,0
616,421301,1,91706,0,51,5,1,1,0,1,22,8,0,1,0
617,421301,1,131762,0,59,4,1,1,0,1,20,17,1,1,0
618,421301,0,195765,2,43,1,0,1,0,1,18,2,1,1,0
619,421301,1,187942,2,43,0,0,0,1,0,12,10,1,1,0
620,421301,1,108491,2,27,0,0,0,0,0,1,24,1,0,1
621,410203,0,150561,0,59,5,1,1,0,1,16,15,0,0,1
622,410203,0,112475,0,48,6,0,0,0,1,15,25,1,1,0
623,410203,0,85824,0,30,5,1,1,1,0,2,10,1,1,0
624,410203,1,197336,1,34,3,0,0,0,1,14,10,0,0,1
625,410203,0,139866,1,54,6,1,0,1,1,9,13,1,0,1
626,410203,1,61969,0,38,1,0,0,1,0,10,27,0,0,1
627,410203,1,40808,2,29,7,1,1,1,0,21,29,0,0,1
628,410203,1,32642,1,55,4,0,1,1,0,20,24,0,1,0
629,410203,0,123740,1,44,1,1,1,0,0,25,11,1,1,0
630,410203,1,173634,0,30,5,1,0,1,0,5,23,0,1,0
631,411019,1,125874,1,33,5,0,0,0,1,9,18,1,1,0
632,411019,0,132189,2,48,4,0,0,1,0,3,20,0,1,0
633,411019,0,196328,0,49,5,1,1,1,0,25,15,0,0,1
634,411019,1,167554,0,56,6,0,0,1,1,20,16,0,1,0
635,411019,0,101037,2,52,6,0,1,1,0,25,19,1,0,1
636,411019,0,123111,2,33,5,0,0,0,0,28,24,1,1,0
637,411019,0,129690,1,60,0,0,0,0,0,25,29,0,1,0
638,411019,1,148967,0,40,5,1,0,1,0,7,1,0,1,0
639,411019,0,110588,2,33,2,1,0,1,1,21,5,0,1,0
640,411019,0,39408,2,27,6,1,1,0,0,17,29,1,1,0
641,411012,1,106403,1,41,2,0,1,1,0,25,19,0,1,0
642,411012,0,99978,0,25,6,0,1,0,0,26,19,0,1,0
643,411012,0,140289,1,43,2,1,1,0,1,7,21,1,1,0
644,411012,1,33786,1,36,4,0,1,0,1,27,3,1,0,1
645,411012,1,127263,2,35,2,1,1,0,0,14,19,0,0,1
646,411012,0,106981,0,25,3,1,1,1,1,13,26,0,1,0
647,411012,1,50577,0,44,3,0,0,1,0,25,22,1,1,0
648,411012,1,192048,1,25,6,0,1,0,0,13,20,1,1,0
649,411012,0,70578,1,58,3,0,0,1,0,16,14,1,0,1
650,411012,1,182225,2,55,3,1,0,1,1,30,18,1,0,1
651,411048,1,193722,0,52,7,1,0,1,1,20,1,0,1,0
652,411048,0,55296,2,25,5,1,0,1,0,16,5,1,1,0
653,411048,1,159746,0,30,1,1,0,1,1,22,24,1,1,0
654,411048,0,144454,2,27,3,1,1,0,1,26,19,1,0,1
655,411048,1,33854,1,41,4,0,1,1,1,6,12,0,1,0
656,411048,1,73751,1,55,7,0,0,1,0,8,25,0,1,0
657,411048,0,40047,0,43,5,0,1,0,1,15,12,0,0,1
658,411048,0,126693,2,43,6,0,0,1,0,29,17,1,0,1
659,411048,1,38896,2,55,6,0,0,1,1,13,10,1,1,0
660,411048,1,86093,2,27,4,1,1,0,1,22,19,0,1,0
661,411037,0,63978,1,54,2,0,0,0,0,2,3,0,1,0
662,411037,1,198865,1,57,3,0,1,1,0,5,6,1,1,0
663,411037,1,142454,2,27,4,1,0,0,0,16,9,1,0,1
664,411037,1,69988,1,37,1,1,0,0,0,9,26,1,0,1
665,411037,0,166772,0,30,4,1,1,0,1,11,13,0,1,0
666,411037,1,129175,2,31,5,0,0,0,1,19,1,1,1,0
667,411037,0,141965,0,46,7,0,0,1,0,15,1,0,1,0
668,411037,0,142638,1,49,2,0,0,1,1,1,27,1,1,0
669,411037,0,140247,0,34,5,1,1,0,0,23,2,0,1,0
670,411037,0,150985,0,52,2,1,0,1,1,5,26,1,0,1
671,411042,1,156613,0,43,7,1,1,1,0,29,8,0,1,0
672,411042,1,195056,2,37,3,0,1,0,0,21,16,1,0,1
673,411042,1,93653,1,28,0,0,1,1,1,28,1,0,0,1
674,411042,1,71204,0,40,4,1,1,1,0,2,18,0,0,1
675,411042,1,84802,1,29,5,1,0,0,0,24,29,0,1,0
676,411042,1,170138,1,34,5,1,0,0,0,11,9,0,1,0
677,411042,1,124720,0,34,7,0,0,1,1,20,10,1,0,1
678,411042,1,72200,1,58,3,1,0,1,1,5,25,0,0,1
679,411042,0,96380,1,53,6,0,1,1,1,7,9,1,0,1
680,411042,1,182527,1,44,5,1,0,0,1,21,13,1,0,1
681,411028,0,142802,2,34,3,0,1,1,0,18,24,0,1,0
682,411028,1,191623,1,31,6,1,0,1,1,24,13,0,1,0
683,411028,0,49190,0,57,4,0,1,0,1,19,14,1,0,1
684,411028,1,187769,0,51,7,0,0,0,0,13,23,1,0,1
685,411028,1,138689,1,40,6,1,1,1,0,26,6,1,1,0
686,411028,0,173645,2,43,2,1,1,1,0,24,11,1,1,0
687,411028,0,143041,1,52,2,1,1,0,1,1,26,0,1,0
688,411028,0,39356,1,41,6,0,1,1,0,4,4,1,1,0
689,411028,0,192432,2,54,4,1,1,0,1,18,27,0,1,0
690,411028,0,170667,1,40,1,1,0,1,0,22,9,0,1,0
691,411001,0,96709,1,51,1,0,0,0,1,24,12,1,1,0
692,411001,0,144830,2,34,5,1,0,0,1,20,18,1,0,1
693,411001,1,191363,2,46,7,0,1,0,0,5,1,1,0,1
694,411001,0,56703,2,34,0,1,0,1,0,26,17,1,0,1
695,411001,1,55244,2,41,5,0,1,0,1,28,26,1,0,1
696,411001,0,36336,0,57,6,0,0,1,0,7,8,0,0,1
697,411001,0,65372,1,38,7,1,0,0,0,17,9,1,0,1
698,411001,1,72410,1,42,5,1,0,1,1,3,4,1,0,1
699,411001,0,185449,2,49,6,1,1,0,0,22,26,0,1,0
700,411001,1,96788,1,50,0,1,0,0,0,20,17,1,1,0
701,411007,0,125478,2,36,3,0,1,1,0,12,9,1,1,0
702,411007,1,136962,1,26,7,1,1,0,0,11,15,0,1,0
703,411007,0,107219,0,45,0,1,0,0,1,16,9,1,1,0
704,411007,1,170075,2,26,0,1,0,0,0,14,15,0,0,1
705,411007,1,194718,0,41,4,1,0,1,1,23,3,1,0,1
706,411007,1,173866,1,57,0,0,0,1,1,9,18,1,0,1
707,411007,0,167185,0,44,6,0,0,1,1,27,20,0,1,0
708,411007,1,162642,1,47,2,1,1,1,0,11,14,1,1,0
709,411007,1,67488,0,37,0,0,1,1,1,28,27,0,0,1
710,411007,1,166177,1,24,6,0,0,0,0,6,30,1,1,0
711,411033,1,178945,0,25,0,1,1,0,0,19,16,0,0,1
712,411033,1,194235,0,58,5,0,1,0,0,7,3,1,1,0
713,411033,1,184611,1,25,2,1,1,1,0,11,6,0,0,1
714,411033,0,151582,0,32,5,1,1,1,0,26,12,0,0,1
715,411033,1,71157,0,43,6,1,1,1,1,14,26,0,1,0
716,411033,1,107556,0,26,3,0,1,1,0,30,28,1,0,1
717,411033,1,126572,1,51,1,0,0,1,1,12,25,0,0,1
718,411033,1,189324,1,32,0,0,0,0,1,24,8,1,1,0
719,411033,1,130682,0,43,5,1,0,0,0,13,23,0,1,0
720,411033,0,170186,1,57,3,1,0,0,1,2,13,1,0,1
721,411004,1,66683,2,51,2,1,0,0,1,26,11,0,0,1
722,411004,1,179045,2,29,2,1,1,1,1,28,27,1,1,0
723,411004,1,173063,0,46,1,0,1,0,1,13,27,1,0,1
724,411004,1,137222,1,40,2,0,0,1,1,5,10,1,1,0
725,411004,0,169245,2,48,6,0,1,0,0,18,25,1,0,1
726,411004,0,136306,2,26,2,1,0,0,0,20,7,1,0,1
727,411004,0,46723,0,29,1,1,1,1,1,5,15,0,0,1
728,411004,0,169796,1,57,4,1,0,0,1,10,5,0,0,1
729,411004,0,85138,1,29,4,0,1,1,1,7,11,1,0,1
730,411004,0,70709,1,58,1,0,0,1,1,14,7,1,1,0
731,411038,1,50421,1,31,3,1,0,0,1,27,8,1,1,0
732,411038,0,112869,0,53,7,1,1,0,0,5,18,1,1,0
733,411038,0,198807,1,26,1,1,1,1,0,29,10,1,1,0
734,411038,1,70395,1,33,0,1,1,1,0,28,4,1,1,0
735,411038,0,165774,0,48,4,0,0,1,0,1,20,0,0,1
736,411038,0,185533,0,59,2,1,1,0,1,13,29,0,0,1
737,411038,0,156008,0,47,7,0,0,0,1,7,18,0,0,1
738,411038,0,130983,0,54,4,1,1,1,1,20,19,1,1,0
739,411038,1,117924,2,42,2,0,1,0,1,4,9,1,0,1
740,411038,0,48393,2,56,5,0,1,0,0,9,13,1,1,0
741,411058,1,41399,1,27,4,0,1,0,0,12,25,1,1,0
742,411058,0,97958,0,26,7,1,1,0,0,7,2,1,1,0
743,411058,1,187811,0,60,6,1,1,0,1,12,18,0,0,1
744,411058,0,155600,2,29,1,0,1,0,0,6,28,1,1,0
745,411058,0,188574,0,29,3,1,1,1,0,9,23,0,1,0
746,411058,1,98974,1,26,0,1,0,0,1,5,24,1,1,0
747,411058,0,168916,1,41,6,0,1,1,1,25,8,1,1,0
748,411058,1,33530,2,33,3,0,1,1,0,12,27,0,1,0
749,411058,0,142926,2,42,6,0,1,0,0,29,15,1,0,1
750,411058,0,176560,2,49,4,0,1,0,0,3,11,1,0,1
751,412201,0,69839,1,51,1,1,0,0,1,26,21,0,0,1
752,412201,1,54264,1,27,5,1,0,0,0,30,19,1,0,1
753,412201,0,119473,1,48,2,1,0,1,0,1,4,0,0,1
754,412201,0,102336,2,57,3,1,1,1,1,13,30,1,1,0
755,412201,1,31633,1,34,6,0,1,1,0,4,5,0,1,0
756,412201,0,149535,0,55,4,1,1,1,0,6,5,0,1,0
757,412201,1,53587,0,38,7,0,1,0,1,3,25,0,0,1
758,412201,0,100997,0,41,5,0,1,1,1,13,18,1,1,0
759,412201,1,45398,1,36,1,0,0,1,0,24,27,0,0,1
760,412201,1,40115,0,37,1,1,0,0,0,23,14,0,0,1
761,412207,0,82487,2,38,7,1,1,0,1,15,15,1,0,1
762,412207,1,96015,0,29,7,1,1,0,1,12,20,0,1,0
763,412207,0,181338,2,52,2,1,0,1,1,4,8,1,1,0
764,412207,0,136292,1,41,3,0,0,1,0,14,28,0,0,1
765,412207,0,59302,0,55,4,0,1,1,1,26,9,0,0,1
766,412207,1,159349,1,30,3,0,1,1,1,13,10,0,1,0
767,412207,0,195222,1,46,7,0,0,1,1,3,4,1,0,1
768,412207,0,187407,0,46,6,0,1,0,0,26,27,1,1,0
769,412207,1,159525,2,26,7,1,0,0,0,23,1,0,0,1
770,412207,0,84235,0,52,0,1,0,0,0,23,9,1,1,0
771,411014,1,191965,2,32,2,1,0,0,1,29,5,0,0,1
772,411014,0,142336,2,55,5,1,0,0,0,2,16,1,1,0
773,411014,1,71757,0,35,1,0,1,1,1,4,20,0,0,1
774,411014,0,103596,1,28,1,0,0,0,1,7,10,0,0,1
775,411014,0,108923,1,26,5,1,1,0,1,2,7,1,0,1
776,411014,1,48212,2,39,2,0,0,1,0,13,16,1,0,1
777,411014,1,50805,2,34,5,0,0,0,0,1,18,1,1,0
778,411014,0,66527,2,36,7,0,1,0,0,29,11,0,1,0
779,411014,1,93437,1,46,7,1,1,1,1,27,27,1,1,0
780,411014,0,191683,2,57,0,0,1,0,1,20,2,0,1,0
781,411017,0,131355,0,24,2,0,1,0,0,24,12,0,1,0
782,411017,0,71894,1,54,4,1,1,0,0,26,9,0,0,1
783,411017,0,70092,2,38,1,1,1,0,0,16,27,1,1,0
784,411017,0,35570,1,26,7,0,0,0,1,24,14,1,1,0
785,411017,0,64762,1,44,1,0,1,1,1,25,5,0,1,0
786,411017,0,51138,2,59,2,1,0,1,1,16,10,0,0,1
787,411017,0,53275,2,57,0,1,1,1,0,20,22,0,0,1
788,411017,0,123952,2,59,1,1,1,1,1,2,6,1,1,0
789,411017,0,119810,1,35,1,1,0,0,0,14,25,0,0,1
790,411017,1,172067,0,40,0,1,0,0,1,29,23,1,0,1
791,411057,1,139683,1,47,7,1,0,0,0,9,15,0,0,1
792,411057,1,30311,0,36,0,1,1,1,0,3,25,0,1,0
793,411057,1,110650,2,57,5,1,1,1,1,24,7,1,1,0
794,411057,0,181621,2,56,6,0,1,0,1,17,24,0,0,1
795,411057,1,133610,1,27,0,0,0,0,0,10,23,1,0,1
796,411057,0,106719,2,51,7,1,0,0,0,20,23,1,1,0
797,411057,0,61658,2,37,3,1,1,1,0,25,25,1,0,1
798,411057,0,68381,0,39,7,0,0,0,1,28,7,0,0,1
799,411057,1,185089,2,26,3,1,1,0,1,27,22,1,0,1
800,411057,1,176788,2,53,5,0,1,1,1,4,29,1,0,1
